fetched_at_utc,category_key,category_label,rank,player_name,player_id,profile_url,image_url,rating,metric_1_name,metric_1_value,metric_2_name,metric_2_value,metric_3_name,metric_3_value,metric_4_name,metric_4_value,metric_5_name,metric_5_value,metric_6_name,metric_6_value,metrics_json
2026-02-07T16:22:48.451712Z,pressure,Under Pressure,1,Carlos Alcaraz,A0E2,https://www.atptour.com/en/players/carlos-alcaraz/a0e2/overview,https://www.atptour.com/-/media/alias/player-headshot/A0E2,256.4,% Break Points Converted,44.0%,% Break Points Saved,66.9%,% Tie Breaks Won,64.5%,% Deciding Sets Won,81.0%,,,,,"{""% Break Points Converted"": ""44.0%"", ""% Break Points Saved"": ""66.9%"", ""% Tie Breaks Won"": ""64.5%"", ""% Deciding Sets Won"": ""81.0%""}"
2026-02-07T16:22:48.451712Z,pressure,Under Pressure,2,Jannik Sinner,S0AG,https://www.atptour.com/en/players/jannik-sinner/s0ag/overview,https://www.atptour.com/-/media/alias/player-headshot/S0AG,247.7,% Break Points Converted,43.8%,% Break Points Saved,72.6%,% Tie Breaks Won,81.3%,% Deciding Sets Won,50.0%,,,,,"{""% Break Points Converted"": ""43.8%"", ""% Break Points Saved"": ""72.6%"", ""% Tie Breaks Won"": ""81.3%"", ""% Deciding Sets Won"": ""50.0%""}"
2026-02-07T16:22:48.451712Z,pressure,Under Pressure,3,Novak Djokovic,D643,https://www.atptour.com/en/players/novak-djokovic/d643/overview,https://www.atptour.com/-/media/alias/player-headshot/D643,246.5,% Break Points Converted,42.0%,% Break Points Saved,64.6%,% Tie Breaks Won,52.4%,% Deciding Sets Won,87.5%,,,,,"{""% Break Points Converted"": ""42.0%"", ""% Break Points Saved"": ""64.6%"", ""% Tie Breaks Won"": ""52.4%"", ""% Deciding Sets Won"": ""87.5%""}"
2026-02-07T16:22:48.451712Z,pressure,Under Pressure,4,Ben Shelton,S0S1,https://www.atptour.com/en/players/ben-shelton/s0s1/overview,https://www.atptour.com/-/media/alias/player-headshot/S0S1,239.1,% Break Points Converted,40.7%,% Break Points Saved,66.2%,% Tie Breaks Won,59.5%,% Deciding Sets Won,72.7%,,,,,"{""% Break Points Converted"": ""40.7%"", ""% Break Points Saved"": ""66.2%"", ""% Tie Breaks Won"": ""59.5%"", ""% Deciding Sets Won"": ""72.7%""}"
2026-02-07T16:22:48.451712Z,pressure,Under Pressure,5,Sebastian Baez,B0BI,https://www.atptour.com/en/players/sebastian-baez/b0bi/overview,https://www.atptour.com/-/media/alias/player-headshot/B0BI,238.7,% Break Points Converted,44.2%,% Break Points Saved,58.8%,% Tie Breaks Won,83.3%,% Deciding Sets Won,52.4%,,,,,"{""% Break Points Converted"": ""44.2%"", ""% Break Points Saved"": ""58.8%"", ""% Tie Breaks Won"": ""83.3%"", ""% Deciding Sets Won"": ""52.4%""}"
2026-02-07T16:22:48.451712Z,pressure,Under Pressure,6,Felix Auger-Aliassime,AG37,https://www.atptour.com/en/players/felix-auger-aliassime/ag37/overview,https://www.atptour.com/-/media/alias/player-headshot/AG37,237.4,% Break Points Converted,32.7%,% Break Points Saved,67.5%,% Tie Breaks Won,65.8%,% Deciding Sets Won,71.4%,,,,,"{""% Break Points Converted"": ""32.7%"", ""% Break Points Saved"": ""67.5%"", ""% Tie Breaks Won"": ""65.8%"", ""% Deciding Sets Won"": ""71.4%""}"
2026-02-07T16:22:48.451712Z,pressure,Under Pressure,7,Grigor Dimitrov,D875,https://www.atptour.com/en/players/grigor-dimitrov/d875/overview,https://www.atptour.com/-/media/alias/player-headshot/D875,235.8,% Break Points Converted,38.8%,% Break Points Saved,65.6%,% Tie Breaks Won,60.0%,% Deciding Sets Won,71.4%,,,,,"{""% Break Points Converted"": ""38.8%"", ""% Break Points Saved"": ""65.6%"", ""% Tie Breaks Won"": ""60.0%"", ""% Deciding Sets Won"": ""71.4%""}"
2026-02-07T16:22:48.451712Z,pressure,Under Pressure,8,Jack Draper,D0CO,https://www.atptour.com/en/players/jack-draper/d0co/overview,https://www.atptour.com/-/media/alias/player-headshot/D0CO,231.3,% Break Points Converted,39.9%,% Break Points Saved,64.7%,% Tie Breaks Won,66.7%,% Deciding Sets Won,60.0%,,,,,"{""% Break Points Converted"": ""39.9%"", ""% Break Points Saved"": ""64.7%"", ""% Tie Breaks Won"": ""66.7%"", ""% Deciding Sets Won"": ""60.0%""}"
2026-02-07T16:22:48.451712Z,pressure,Under Pressure,9,Learner Tien,T0HA,https://www.atptour.com/en/players/learner-tien/t0ha/overview,https://www.atptour.com/-/media/alias/player-headshot/T0HA,228.3,% Break Points Converted,42.4%,% Break Points Saved,63.0%,% Tie Breaks Won,62.9%,% Deciding Sets Won,60.0%,,,,,"{""% Break Points Converted"": ""42.4%"", ""% Break Points Saved"": ""63.0%"", ""% Tie Breaks Won"": ""62.9%"", ""% Deciding Sets Won"": ""60.0%""}"
2026-02-07T16:22:48.451712Z,pressure,Under Pressure,10,Alexander Bublik,BK92,https://www.atptour.com/en/players/alexander-bublik/bk92/overview,https://www.atptour.com/-/media/alias/player-headshot/BK92,228.2,% Break Points Converted,39.6%,% Break Points Saved,70.3%,% Tie Breaks Won,65.4%,% Deciding Sets Won,52.9%,,,,,"{""% Break Points Converted"": ""39.6%"", ""% Break Points Saved"": ""70.3%"", ""% Tie Breaks Won"": ""65.4%"", ""% Deciding Sets Won"": ""52.9%""}"
2026-02-07T16:22:48.451712Z,pressure,Under Pressure,11,Jenson Brooksby,B0CD,https://www.atptour.com/en/players/jenson-brooksby/b0cd/overview,https://www.atptour.com/-/media/alias/player-headshot/B0CD,225.1,% Break Points Converted,39.0%,% Break Points Saved,60.9%,% Tie Breaks Won,71.4%,% Deciding Sets Won,53.8%,,,,,"{""% Break Points Converted"": ""39.0%"", ""% Break Points Saved"": ""60.9%"", ""% Tie Breaks Won"": ""71.4%"", ""% Deciding Sets Won"": ""53.8%""}"
2026-02-07T16:22:48.451712Z,pressure,Under Pressure,12,Jakub Mensik,M0NI,https://www.atptour.com/en/players/jakub-mensik/m0ni/overview,https://www.atptour.com/-/media/alias/player-headshot/M0NI,224.7,% Break Points Converted,42.2%,% Break Points Saved,64.9%,% Tie Breaks Won,67.6%,% Deciding Sets Won,50.0%,,,,,"{""% Break Points Converted"": ""42.2%"", ""% Break Points Saved"": ""64.9%"", ""% Tie Breaks Won"": ""67.6%"", ""% Deciding Sets Won"": ""50.0%""}"
2026-02-07T16:22:48.451712Z,pressure,Under Pressure,13,Casper Ruud,RH16,https://www.atptour.com/en/players/casper-ruud/rh16/overview,https://www.atptour.com/-/media/alias/player-headshot/RH16,224.1,% Break Points Converted,39.7%,% Break Points Saved,67.7%,% Tie Breaks Won,66.7%,% Deciding Sets Won,50.0%,,,,,"{""% Break Points Converted"": ""39.7%"", ""% Break Points Saved"": ""67.7%"", ""% Tie Breaks Won"": ""66.7%"", ""% Deciding Sets Won"": ""50.0%""}"
2026-02-07T16:22:48.451712Z,pressure,Under Pressure,14,Taylor Fritz,FB98,https://www.atptour.com/en/players/taylor-fritz/fb98/overview,https://www.atptour.com/-/media/alias/player-headshot/FB98,223.9,% Break Points Converted,36.9%,% Break Points Saved,65.4%,% Tie Breaks Won,56.6%,% Deciding Sets Won,65.0%,,,,,"{""% Break Points Converted"": ""36.9%"", ""% Break Points Saved"": ""65.4%"", ""% Tie Breaks Won"": ""56.6%"", ""% Deciding Sets Won"": ""65.0%""}"
2026-02-07T16:22:48.451712Z,pressure,Under Pressure,15,Marton Fucsovics,F724,https://www.atptour.com/en/players/marton-fucsovics/f724/overview,https://www.atptour.com/-/media/alias/player-headshot/F724,222.7,% Break Points Converted,41.5%,% Break Points Saved,57.4%,% Tie Breaks Won,57.1%,% Deciding Sets Won,66.7%,,,,,"{""% Break Points Converted"": ""41.5%"", ""% Break Points Saved"": ""57.4%"", ""% Tie Breaks Won"": ""57.1%"", ""% Deciding Sets Won"": ""66.7%""}"
2026-02-07T16:22:48.451712Z,pressure,Under Pressure,16,Valentin Vacherot,VA25,https://www.atptour.com/en/players/valentin-vacherot/va25/overview,https://www.atptour.com/-/media/alias/player-headshot/VA25,222.5,% Break Points Converted,40.9%,% Break Points Saved,65.8%,% Tie Breaks Won,44.4%,% Deciding Sets Won,71.4%,,,,,"{""% Break Points Converted"": ""40.9%"", ""% Break Points Saved"": ""65.8%"", ""% Tie Breaks Won"": ""44.4%"", ""% Deciding Sets Won"": ""71.4%""}"
2026-02-07T16:22:48.451712Z,pressure,Under Pressure,17,Pedro Martinez,MO44,https://www.atptour.com/en/players/pedro-martinez/mo44/overview,https://www.atptour.com/-/media/alias/player-headshot/MO44,222.1,% Break Points Converted,39.2%,% Break Points Saved,57.9%,% Tie Breaks Won,75.0%,% Deciding Sets Won,50.0%,,,,,"{""% Break Points Converted"": ""39.2%"", ""% Break Points Saved"": ""57.9%"", ""% Tie Breaks Won"": ""75.0%"", ""% Deciding Sets Won"": ""50.0%""}"
2026-02-07T16:22:48.451712Z,pressure,Under Pressure,18,Luciano Darderi,D0FJ,https://www.atptour.com/en/players/luciano-darderi/d0fj/overview,https://www.atptour.com/-/media/alias/player-headshot/D0FJ,221.5,% Break Points Converted,36.9%,% Break Points Saved,59.1%,% Tie Breaks Won,63.0%,% Deciding Sets Won,62.5%,,,,,"{""% Break Points Converted"": ""36.9%"", ""% Break Points Saved"": ""59.1%"", ""% Tie Breaks Won"": ""63.0%"", ""% Deciding Sets Won"": ""62.5%""}"
2026-02-07T16:22:48.451712Z,pressure,Under Pressure,19,Alexander Shevchenko,S0H2,https://www.atptour.com/en/players/alexander-shevchenko/s0h2/overview,https://www.atptour.com/-/media/alias/player-headshot/S0H2,220.9,% Break Points Converted,35.2%,% Break Points Saved,56.2%,% Tie Breaks Won,43.8%,% Deciding Sets Won,85.7%,,,,,"{""% Break Points Converted"": ""35.2%"", ""% Break Points Saved"": ""56.2%"", ""% Tie Breaks Won"": ""43.8%"", ""% Deciding Sets Won"": ""85.7%""}"
2026-02-07T16:22:48.451712Z,pressure,Under Pressure,20,Alejandro Davidovich Fokina,DH50,https://www.atptour.com/en/players/alejandro-davidovich/dh50/overview,https://www.atptour.com/-/media/alias/player-headshot/DH50,220.5,% Break Points Converted,43.3%,% Break Points Saved,66.7%,% Tie Breaks Won,52.6%,% Deciding Sets Won,57.9%,,,,,"{""% Break Points Converted"": ""43.3%"", ""% Break Points Saved"": ""66.7%"", ""% Tie Breaks Won"": ""52.6%"", ""% Deciding Sets Won"": ""57.9%""}"
2026-02-07T16:22:48.451712Z,pressure,Under Pressure,21,Matteo Arnaldi,A0FC,https://www.atptour.com/en/players/matteo-arnaldi/a0fc/overview,https://www.atptour.com/-/media/alias/player-headshot/A0FC,220.1,% Break Points Converted,31.9%,% Break Points Saved,63.8%,% Tie Breaks Won,80.0%,% Deciding Sets Won,44.4%,,,,,"{""% Break Points Converted"": ""31.9%"", ""% Break Points Saved"": ""63.8%"", ""% Tie Breaks Won"": ""80.0%"", ""% Deciding Sets Won"": ""44.4%""}"
2026-02-07T16:22:48.451712Z,pressure,Under Pressure,22,Francisco Cerundolo,C0AU,https://www.atptour.com/en/players/francisco-cerundolo/c0au/overview,https://www.atptour.com/-/media/alias/player-headshot/C0AU,218.8,% Break Points Converted,43.3%,% Break Points Saved,63.0%,% Tie Breaks Won,62.5%,% Deciding Sets Won,50.0%,,,,,"{""% Break Points Converted"": ""43.3%"", ""% Break Points Saved"": ""63.0%"", ""% Tie Breaks Won"": ""62.5%"", ""% Deciding Sets Won"": ""50.0%""}"
2026-02-07T16:22:48.451712Z,pressure,Under Pressure,23,Zizou Bergs,BU13,https://www.atptour.com/en/players/zizou-bergs/bu13/overview,https://www.atptour.com/-/media/alias/player-headshot/BU13,218.8,% Break Points Converted,37.4%,% Break Points Saved,62.2%,% Tie Breaks Won,50.0%,% Deciding Sets Won,69.2%,,,,,"{""% Break Points Converted"": ""37.4%"", ""% Break Points Saved"": ""62.2%"", ""% Tie Breaks Won"": ""50.0%"", ""% Deciding Sets Won"": ""69.2%""}"
2026-02-07T16:22:48.451712Z,pressure,Under Pressure,24,Cameron Norrie,N771,https://www.atptour.com/en/players/cameron-norrie/n771/overview,https://www.atptour.com/-/media/alias/player-headshot/N771,218.5,% Break Points Converted,37.0%,% Break Points Saved,66.3%,% Tie Breaks Won,54.5%,% Deciding Sets Won,60.7%,,,,,"{""% Break Points Converted"": ""37.0%"", ""% Break Points Saved"": ""66.3%"", ""% Tie Breaks Won"": ""54.5%"", ""% Deciding Sets Won"": ""60.7%""}"
2026-02-07T16:22:48.451712Z,pressure,Under Pressure,25,Tallon Griekspoor,GJ37,https://www.atptour.com/en/players/tallon-griekspoor/gj37/overview,https://www.atptour.com/-/media/alias/player-headshot/GJ37,215.8,% Break Points Converted,33.0%,% Break Points Saved,65.8%,% Tie Breaks Won,60.5%,% Deciding Sets Won,56.5%,,,,,"{""% Break Points Converted"": ""33.0%"", ""% Break Points Saved"": ""65.8%"", ""% Tie Breaks Won"": ""60.5%"", ""% Deciding Sets Won"": ""56.5%""}"
2026-02-07T16:22:48.451712Z,pressure,Under Pressure,26,Flavio Cobolli,C0E9,https://www.atptour.com/en/players/flavio-cobolli/c0e9/overview,https://www.atptour.com/-/media/alias/player-headshot/C0E9,215.1,% Break Points Converted,37.9%,% Break Points Saved,60.3%,% Tie Breaks Won,58.1%,% Deciding Sets Won,58.8%,,,,,"{""% Break Points Converted"": ""37.9%"", ""% Break Points Saved"": ""60.3%"", ""% Tie Breaks Won"": ""58.1%"", ""% Deciding Sets Won"": ""58.8%""}"
2026-02-07T16:22:48.451712Z,pressure,Under Pressure,27,Tommy Paul,PL56,https://www.atptour.com/en/players/tommy-paul/pl56/overview,https://www.atptour.com/-/media/alias/player-headshot/PL56,215.0,% Break Points Converted,46.1%,% Break Points Saved,62.6%,% Tie Breaks Won,50.0%,% Deciding Sets Won,56.3%,,,,,"{""% Break Points Converted"": ""46.1%"", ""% Break Points Saved"": ""62.6%"", ""% Tie Breaks Won"": ""50.0%"", ""% Deciding Sets Won"": ""56.3%""}"
2026-02-07T16:22:48.451712Z,pressure,Under Pressure,28,Ethan Quinn,Q02L,https://www.atptour.com/en/players/ethan-quinn/q02l/overview,https://www.atptour.com/-/media/alias/player-headshot/Q02L,214.9,% Break Points Converted,42.8%,% Break Points Saved,61.6%,% Tie Breaks Won,43.8%,% Deciding Sets Won,66.7%,,,,,"{""% Break Points Converted"": ""42.8%"", ""% Break Points Saved"": ""61.6%"", ""% Tie Breaks Won"": ""43.8%"", ""% Deciding Sets Won"": ""66.7%""}"
2026-02-07T16:22:48.451712Z,pressure,Under Pressure,29,Holger Rune,R0DG,https://www.atptour.com/en/players/holger-rune/r0dg/overview,https://www.atptour.com/-/media/alias/player-headshot/R0DG,214.8,% Break Points Converted,43.4%,% Break Points Saved,65.7%,% Tie Breaks Won,52.4%,% Deciding Sets Won,53.3%,,,,,"{""% Break Points Converted"": ""43.4%"", ""% Break Points Saved"": ""65.7%"", ""% Tie Breaks Won"": ""52.4%"", ""% Deciding Sets Won"": ""53.3%""}"
2026-02-07T16:22:48.451712Z,pressure,Under Pressure,30,Andrey Rublev,RE44,https://www.atptour.com/en/players/andrey-rublev/re44/overview,https://www.atptour.com/-/media/alias/player-headshot/RE44,214.7,% Break Points Converted,37.6%,% Break Points Saved,63.8%,% Tie Breaks Won,63.3%,% Deciding Sets Won,50.0%,,,,,"{""% Break Points Converted"": ""37.6%"", ""% Break Points Saved"": ""63.8%"", ""% Tie Breaks Won"": ""63.3%"", ""% Deciding Sets Won"": ""50.0%""}"
2026-02-07T16:22:48.451712Z,pressure,Under Pressure,31,Arthur Rinderknech,RC91,https://www.atptour.com/en/players/arthur-rinderknech/rc91/overview,https://www.atptour.com/-/media/alias/player-headshot/RC91,213.4,% Break Points Converted,34.3%,% Break Points Saved,67.8%,% Tie Breaks Won,42.9%,% Deciding Sets Won,68.4%,,,,,"{""% Break Points Converted"": ""34.3%"", ""% Break Points Saved"": ""67.8%"", ""% Tie Breaks Won"": ""42.9%"", ""% Deciding Sets Won"": ""68.4%""}"
2026-02-07T16:22:48.451712Z,pressure,Under Pressure,32,Alexandre Muller,MP20,https://www.atptour.com/en/players/alexandre-muller/mp20/overview,https://www.atptour.com/-/media/alias/player-headshot/MP20,212.8,% Break Points Converted,38.1%,% Break Points Saved,59.6%,% Tie Breaks Won,48.4%,% Deciding Sets Won,66.7%,,,,,"{""% Break Points Converted"": ""38.1%"", ""% Break Points Saved"": ""59.6%"", ""% Tie Breaks Won"": ""48.4%"", ""% Deciding Sets Won"": ""66.7%""}"
2026-02-07T16:22:48.451712Z,pressure,Under Pressure,33,Reilly Opelka,O522,https://www.atptour.com/en/players/reilly-opelka/o522/overview,https://www.atptour.com/-/media/alias/player-headshot/O522,212.2,% Break Points Converted,29.4%,% Break Points Saved,71.9%,% Tie Breaks Won,57.1%,% Deciding Sets Won,53.8%,,,,,"{""% Break Points Converted"": ""29.4%"", ""% Break Points Saved"": ""71.9%"", ""% Tie Breaks Won"": ""57.1%"", ""% Deciding Sets Won"": ""53.8%""}"
2026-02-07T16:22:48.451712Z,pressure,Under Pressure,34,Arthur Fils,F0F1,https://www.atptour.com/en/players/arthur-fils/f0f1/overview,https://www.atptour.com/-/media/alias/player-headshot/F0F1,211.6,% Break Points Converted,41.9%,% Break Points Saved,61.3%,% Tie Breaks Won,41.7%,% Deciding Sets Won,66.7%,,,,,"{""% Break Points Converted"": ""41.9%"", ""% Break Points Saved"": ""61.3%"", ""% Tie Breaks Won"": ""41.7%"", ""% Deciding Sets Won"": ""66.7%""}"
2026-02-07T16:22:48.451712Z,pressure,Under Pressure,35,Alex de Minaur,DH58,https://www.atptour.com/en/players/alex-de/dh58/overview,https://www.atptour.com/-/media/alias/player-headshot/DH58,211.3,% Break Points Converted,42.2%,% Break Points Saved,64.6%,% Tie Breaks Won,54.5%,% Deciding Sets Won,50.0%,,,,,"{""% Break Points Converted"": ""42.2%"", ""% Break Points Saved"": ""64.6%"", ""% Tie Breaks Won"": ""54.5%"", ""% Deciding Sets Won"": ""50.0%""}"
2026-02-07T16:22:48.451712Z,pressure,Under Pressure,36,Tomas Machac,M0FH,https://www.atptour.com/en/players/tomas-machac/m0fh/overview,https://www.atptour.com/-/media/alias/player-headshot/M0FH,210.8,% Break Points Converted,46.1%,% Break Points Saved,60.9%,% Tie Breaks Won,57.1%,% Deciding Sets Won,46.7%,,,,,"{""% Break Points Converted"": ""46.1%"", ""% Break Points Saved"": ""60.9%"", ""% Tie Breaks Won"": ""57.1%"", ""% Deciding Sets Won"": ""46.7%""}"
2026-02-07T16:22:48.451712Z,pressure,Under Pressure,37,Corentin Moutet,MW02,https://www.atptour.com/en/players/corentin-moutet/mw02/overview,https://www.atptour.com/-/media/alias/player-headshot/MW02,210.3,% Break Points Converted,41.8%,% Break Points Saved,64.0%,% Tie Breaks Won,57.1%,% Deciding Sets Won,47.4%,,,,,"{""% Break Points Converted"": ""41.8%"", ""% Break Points Saved"": ""64.0%"", ""% Tie Breaks Won"": ""57.1%"", ""% Deciding Sets Won"": ""47.4%""}"
2026-02-07T16:22:48.451712Z,pressure,Under Pressure,38,Joao Fonseca,F0FV,https://www.atptour.com/en/players/joao-fonseca/f0fv/overview,https://www.atptour.com/-/media/alias/player-headshot/F0FV,210.3,% Break Points Converted,36.2%,% Break Points Saved,61.4%,% Tie Breaks Won,43.5%,% Deciding Sets Won,69.2%,,,,,"{""% Break Points Converted"": ""36.2%"", ""% Break Points Saved"": ""61.4%"", ""% Tie Breaks Won"": ""43.5%"", ""% Deciding Sets Won"": ""69.2%""}"
2026-02-07T16:22:48.451712Z,pressure,Under Pressure,39,Adam Walton,W09E,https://www.atptour.com/en/players/adam-walton/w09e/overview,https://www.atptour.com/-/media/alias/player-headshot/W09E,209.9,% Break Points Converted,42.5%,% Break Points Saved,59.9%,% Tie Breaks Won,37.5%,% Deciding Sets Won,70.0%,,,,,"{""% Break Points Converted"": ""42.5%"", ""% Break Points Saved"": ""59.9%"", ""% Tie Breaks Won"": ""37.5%"", ""% Deciding Sets Won"": ""70.0%""}"
2026-02-07T16:22:48.451712Z,pressure,Under Pressure,40,Nuno Borges,BT72,https://www.atptour.com/en/players/nuno-borges/bt72/overview,https://www.atptour.com/-/media/alias/player-headshot/BT72,209.8,% Break Points Converted,36.0%,% Break Points Saved,63.0%,% Tie Breaks Won,47.2%,% Deciding Sets Won,63.6%,,,,,"{""% Break Points Converted"": ""36.0%"", ""% Break Points Saved"": ""63.0%"", ""% Tie Breaks Won"": ""47.2%"", ""% Deciding Sets Won"": ""63.6%""}"
2026-02-07T16:22:48.451712Z,pressure,Under Pressure,41,Denis Shapovalov,SU55,https://www.atptour.com/en/players/denis-shapovalov/su55/overview,https://www.atptour.com/-/media/alias/player-headshot/SU55,208.2,% Break Points Converted,47.0%,% Break Points Saved,60.1%,% Tie Breaks Won,44.0%,% Deciding Sets Won,57.1%,,,,,"{""% Break Points Converted"": ""47.0%"", ""% Break Points Saved"": ""60.1%"", ""% Tie Breaks Won"": ""44.0%"", ""% Deciding Sets Won"": ""57.1%""}"
2026-02-07T16:22:48.451712Z,pressure,Under Pressure,42,Hamad Medjedovic,M0JF,https://www.atptour.com/en/players/hamad-medjedovic/m0jf/overview,https://www.atptour.com/-/media/alias/player-headshot/M0JF,208.1,% Break Points Converted,35.1%,% Break Points Saved,65.0%,% Tie Breaks Won,63.6%,% Deciding Sets Won,44.4%,,,,,"{""% Break Points Converted"": ""35.1%"", ""% Break Points Saved"": ""65.0%"", ""% Tie Breaks Won"": ""63.6%"", ""% Deciding Sets Won"": ""44.4%""}"
2026-02-07T16:22:48.451712Z,pressure,Under Pressure,43,Frances Tiafoe,TD51,https://www.atptour.com/en/players/frances-tiafoe/td51/overview,https://www.atptour.com/-/media/alias/player-headshot/TD51,208.0,% Break Points Converted,39.7%,% Break Points Saved,60.4%,% Tie Breaks Won,72.2%,% Deciding Sets Won,35.7%,,,,,"{""% Break Points Converted"": ""39.7%"", ""% Break Points Saved"": ""60.4%"", ""% Tie Breaks Won"": ""72.2%"", ""% Deciding Sets Won"": ""35.7%""}"
2026-02-07T16:22:48.451712Z,pressure,Under Pressure,44,Matteo Berrettini,BK40,https://www.atptour.com/en/players/matteo-berrettini/bk40/overview,https://www.atptour.com/-/media/alias/player-headshot/BK40,207.3,% Break Points Converted,40.8%,% Break Points Saved,66.5%,% Tie Breaks Won,54.5%,% Deciding Sets Won,45.5%,,,,,"{""% Break Points Converted"": ""40.8%"", ""% Break Points Saved"": ""66.5%"", ""% Tie Breaks Won"": ""54.5%"", ""% Deciding Sets Won"": ""45.5%""}"
2026-02-07T16:22:48.451712Z,pressure,Under Pressure,45,Alexander Zverev,Z355,https://www.atptour.com/en/players/alexander-zverev/z355/overview,https://www.atptour.com/-/media/alias/player-headshot/Z355,205.9,% Break Points Converted,41.5%,% Break Points Saved,61.1%,% Tie Breaks Won,57.8%,% Deciding Sets Won,45.5%,,,,,"{""% Break Points Converted"": ""41.5%"", ""% Break Points Saved"": ""61.1%"", ""% Tie Breaks Won"": ""57.8%"", ""% Deciding Sets Won"": ""45.5%""}"
2026-02-07T16:22:48.451712Z,pressure,Under Pressure,46,Lorenzo Musetti,M0EJ,https://www.atptour.com/en/players/lorenzo-musetti/m0ej/overview,https://www.atptour.com/-/media/alias/player-headshot/M0EJ,205.3,% Break Points Converted,39.8%,% Break Points Saved,62.0%,% Tie Breaks Won,43.5%,% Deciding Sets Won,60.0%,,,,,"{""% Break Points Converted"": ""39.8%"", ""% Break Points Saved"": ""62.0%"", ""% Tie Breaks Won"": ""43.5%"", ""% Deciding Sets Won"": ""60.0%""}"
2026-02-07T16:22:48.451712Z,pressure,Under Pressure,47,Gabriel Diallo,D0F6,https://www.atptour.com/en/players/gabriel-diallo/d0f6/overview,https://www.atptour.com/-/media/alias/player-headshot/D0F6,204.6,% Break Points Converted,39.9%,% Break Points Saved,58.9%,% Tie Breaks Won,59.1%,% Deciding Sets Won,46.7%,,,,,"{""% Break Points Converted"": ""39.9%"", ""% Break Points Saved"": ""58.9%"", ""% Tie Breaks Won"": ""59.1%"", ""% Deciding Sets Won"": ""46.7%""}"
2026-02-07T16:22:48.451712Z,pressure,Under Pressure,48,Daniil Medvedev,MM58,https://www.atptour.com/en/players/daniil-medvedev/mm58/overview,https://www.atptour.com/-/media/alias/player-headshot/MM58,204.5,% Break Points Converted,38.7%,% Break Points Saved,61.2%,% Tie Breaks Won,46.9%,% Deciding Sets Won,57.7%,,,,,"{""% Break Points Converted"": ""38.7%"", ""% Break Points Saved"": ""61.2%"", ""% Tie Breaks Won"": ""46.9%"", ""% Deciding Sets Won"": ""57.7%""}"
2026-02-07T16:22:48.451712Z,pressure,Under Pressure,49,Stefanos Tsitsipas,TE51,https://www.atptour.com/en/players/stefanos-tsitsipas/te51/overview,https://www.atptour.com/-/media/alias/player-headshot/TE51,204.4,% Break Points Converted,32.9%,% Break Points Saved,64.4%,% Tie Breaks Won,50.0%,% Deciding Sets Won,57.1%,,,,,"{""% Break Points Converted"": ""32.9%"", ""% Break Points Saved"": ""64.4%"", ""% Tie Breaks Won"": ""50.0%"", ""% Deciding Sets Won"": ""57.1%""}"
2026-02-07T16:22:48.451712Z,pressure,Under Pressure,50,Kamil Majchrzak,MQ75,https://www.atptour.com/en/players/kamil-majchrzak/mq75/overview,https://www.atptour.com/-/media/alias/player-headshot/MQ75,200.0,% Break Points Converted,38.6%,% Break Points Saved,62.3%,% Tie Breaks Won,59.1%,% Deciding Sets Won,40.0%,,,,,"{""% Break Points Converted"": ""38.6%"", ""% Break Points Saved"": ""62.3%"", ""% Tie Breaks Won"": ""59.1%"", ""% Deciding Sets Won"": ""40.0%""}"
2026-02-07T16:22:48.451712Z,return,Return,1,Jannik Sinner,S0AG,https://www.atptour.com/en/players/jannik-sinner/s0ag/overview,https://www.atptour.com/-/media/alias/player-headshot/S0AG,167.9,% 1st Serve Return Points Won,33.4%,% 2nd Serve Return Points Won,58.0%,% Return Games Won,32.7%,% Break Points Converted,43.8%,,,,,"{""% 1st Serve Return Points Won"": ""33.4%"", ""% 2nd Serve Return Points Won"": ""58.0%"", ""% Return Games Won"": ""32.7%"", ""% Break Points Converted"": ""43.8%""}"
2026-02-07T16:22:48.451712Z,return,Return,2,Carlos Alcaraz,A0E2,https://www.atptour.com/en/players/carlos-alcaraz/a0e2/overview,https://www.atptour.com/-/media/alias/player-headshot/A0E2,163.7,% 1st Serve Return Points Won,34.4%,% 2nd Serve Return Points Won,54.1%,% Return Games Won,31.2%,% Break Points Converted,44.0%,,,,,"{""% 1st Serve Return Points Won"": ""34.4%"", ""% 2nd Serve Return Points Won"": ""54.1%"", ""% Return Games Won"": ""31.2%"", ""% Break Points Converted"": ""44.0%""}"
2026-02-07T16:22:48.451712Z,return,Return,3,Sebastian Baez,B0BI,https://www.atptour.com/en/players/sebastian-baez/b0bi/overview,https://www.atptour.com/-/media/alias/player-headshot/B0BI,158.2,% 1st Serve Return Points Won,33.2%,% 2nd Serve Return Points Won,51.9%,% Return Games Won,28.9%,% Break Points Converted,44.2%,,,,,"{""% 1st Serve Return Points Won"": ""33.2%"", ""% 2nd Serve Return Points Won"": ""51.9%"", ""% Return Games Won"": ""28.9%"", ""% Break Points Converted"": ""44.2%""}"
2026-02-07T16:22:48.451712Z,return,Return,4,Alex de Minaur,DH58,https://www.atptour.com/en/players/alex-de/dh58/overview,https://www.atptour.com/-/media/alias/player-headshot/DH58,157.4,% 1st Serve Return Points Won,32.0%,% 2nd Serve Return Points Won,54.7%,% Return Games Won,28.5%,% Break Points Converted,42.2%,,,,,"{""% 1st Serve Return Points Won"": ""32.0%"", ""% 2nd Serve Return Points Won"": ""54.7%"", ""% Return Games Won"": ""28.5%"", ""% Break Points Converted"": ""42.2%""}"
2026-02-07T16:22:48.451712Z,return,Return,5,Francisco Cerundolo,C0AU,https://www.atptour.com/en/players/francisco-cerundolo/c0au/overview,https://www.atptour.com/-/media/alias/player-headshot/C0AU,157.3,% 1st Serve Return Points Won,33.0%,% 2nd Serve Return Points Won,52.6%,% Return Games Won,28.4%,% Break Points Converted,43.3%,,,,,"{""% 1st Serve Return Points Won"": ""33.0%"", ""% 2nd Serve Return Points Won"": ""52.6%"", ""% Return Games Won"": ""28.4%"", ""% Break Points Converted"": ""43.3%""}"
2026-02-07T16:22:48.451712Z,return,Return,6,Denis Shapovalov,SU55,https://www.atptour.com/en/players/denis-shapovalov/su55/overview,https://www.atptour.com/-/media/alias/player-headshot/SU55,155.7,% 1st Serve Return Points Won,30.9%,% 2nd Serve Return Points Won,51.4%,% Return Games Won,26.4%,% Break Points Converted,47.0%,,,,,"{""% 1st Serve Return Points Won"": ""30.9%"", ""% 2nd Serve Return Points Won"": ""51.4%"", ""% Return Games Won"": ""26.4%"", ""% Break Points Converted"": ""47.0%""}"
2026-02-07T16:22:48.451712Z,return,Return,7,Mariano Navone,N0BS,https://www.atptour.com/en/players/mariano-navone/n0bs/overview,https://www.atptour.com/-/media/alias/player-headshot/N0BS,155.3,% 1st Serve Return Points Won,33.6%,% 2nd Serve Return Points Won,51.4%,% Return Games Won,28.0%,% Break Points Converted,42.3%,,,,,"{""% 1st Serve Return Points Won"": ""33.6%"", ""% 2nd Serve Return Points Won"": ""51.4%"", ""% Return Games Won"": ""28.0%"", ""% Break Points Converted"": ""42.3%""}"
2026-02-07T16:22:48.451712Z,return,Return,8,Tommy Paul,PL56,https://www.atptour.com/en/players/tommy-paul/pl56/overview,https://www.atptour.com/-/media/alias/player-headshot/PL56,154.3,% 1st Serve Return Points Won,30.1%,% 2nd Serve Return Points Won,52.4%,% Return Games Won,25.7%,% Break Points Converted,46.1%,,,,,"{""% 1st Serve Return Points Won"": ""30.1%"", ""% 2nd Serve Return Points Won"": ""52.4%"", ""% Return Games Won"": ""25.7%"", ""% Break Points Converted"": ""46.1%""}"
2026-02-07T16:22:48.451712Z,return,Return,9,Marton Fucsovics,F724,https://www.atptour.com/en/players/marton-fucsovics/f724/overview,https://www.atptour.com/-/media/alias/player-headshot/F724,153.2,% 1st Serve Return Points Won,31.1%,% 2nd Serve Return Points Won,54.3%,% Return Games Won,26.3%,% Break Points Converted,41.5%,,,,,"{""% 1st Serve Return Points Won"": ""31.1%"", ""% 2nd Serve Return Points Won"": ""54.3%"", ""% Return Games Won"": ""26.3%"", ""% Break Points Converted"": ""41.5%""}"
2026-02-07T16:22:48.451712Z,return,Return,10,Alejandro Davidovich Fokina,DH50,https://www.atptour.com/en/players/alejandro-davidovich/dh50/overview,https://www.atptour.com/-/media/alias/player-headshot/DH50,152.2,% 1st Serve Return Points Won,30.6%,% 2nd Serve Return Points Won,52.2%,% Return Games Won,26.1%,% Break Points Converted,43.3%,,,,,"{""% 1st Serve Return Points Won"": ""30.6%"", ""% 2nd Serve Return Points Won"": ""52.2%"", ""% Return Games Won"": ""26.1%"", ""% Break Points Converted"": ""43.3%""}"
2026-02-07T16:22:48.451712Z,return,Return,11,Novak Djokovic,D643,https://www.atptour.com/en/players/novak-djokovic/d643/overview,https://www.atptour.com/-/media/alias/player-headshot/D643,152.2,% 1st Serve Return Points Won,31.8%,% 2nd Serve Return Points Won,52.4%,% Return Games Won,26.0%,% Break Points Converted,42.0%,,,,,"{""% 1st Serve Return Points Won"": ""31.8%"", ""% 2nd Serve Return Points Won"": ""52.4%"", ""% Return Games Won"": ""26.0%"", ""% Break Points Converted"": ""42.0%""}"
2026-02-07T16:22:48.451712Z,return,Return,12,Daniil Medvedev,MM58,https://www.atptour.com/en/players/daniil-medvedev/mm58/overview,https://www.atptour.com/-/media/alias/player-headshot/MM58,152.0,% 1st Serve Return Points Won,32.6%,% 2nd Serve Return Points Won,53.6%,% Return Games Won,27.1%,% Break Points Converted,38.7%,,,,,"{""% 1st Serve Return Points Won"": ""32.6%"", ""% 2nd Serve Return Points Won"": ""53.6%"", ""% Return Games Won"": ""27.1%"", ""% Break Points Converted"": ""38.7%""}"
2026-02-07T16:22:48.451712Z,return,Return,13,Jack Draper,D0CO,https://www.atptour.com/en/players/jack-draper/d0co/overview,https://www.atptour.com/-/media/alias/player-headshot/D0CO,150.0,% 1st Serve Return Points Won,32.0%,% 2nd Serve Return Points Won,51.5%,% Return Games Won,26.6%,% Break Points Converted,39.9%,,,,,"{""% 1st Serve Return Points Won"": ""32.0%"", ""% 2nd Serve Return Points Won"": ""51.5%"", ""% Return Games Won"": ""26.6%"", ""% Break Points Converted"": ""39.9%""}"
2026-02-07T16:22:48.451712Z,return,Return,14,Arthur Fils,F0F1,https://www.atptour.com/en/players/arthur-fils/f0f1/overview,https://www.atptour.com/-/media/alias/player-headshot/F0F1,149.8,% 1st Serve Return Points Won,31.4%,% 2nd Serve Return Points Won,51.8%,% Return Games Won,24.7%,% Break Points Converted,41.9%,,,,,"{""% 1st Serve Return Points Won"": ""31.4%"", ""% 2nd Serve Return Points Won"": ""51.8%"", ""% Return Games Won"": ""24.7%"", ""% Break Points Converted"": ""41.9%""}"
2026-02-07T16:22:48.451712Z,return,Return,15,Corentin Moutet,MW02,https://www.atptour.com/en/players/corentin-moutet/mw02/overview,https://www.atptour.com/-/media/alias/player-headshot/MW02,149.1,% 1st Serve Return Points Won,32.5%,% 2nd Serve Return Points Won,49.9%,% Return Games Won,24.9%,% Break Points Converted,41.8%,,,,,"{""% 1st Serve Return Points Won"": ""32.5%"", ""% 2nd Serve Return Points Won"": ""49.9%"", ""% Return Games Won"": ""24.9%"", ""% Break Points Converted"": ""41.8%""}"
2026-02-07T16:22:48.451712Z,return,Return,16,Lorenzo Musetti,M0EJ,https://www.atptour.com/en/players/lorenzo-musetti/m0ej/overview,https://www.atptour.com/-/media/alias/player-headshot/M0EJ,149.1,% 1st Serve Return Points Won,30.9%,% 2nd Serve Return Points Won,52.9%,% Return Games Won,25.5%,% Break Points Converted,39.8%,,,,,"{""% 1st Serve Return Points Won"": ""30.9%"", ""% 2nd Serve Return Points Won"": ""52.9%"", ""% Return Games Won"": ""25.5%"", ""% Break Points Converted"": ""39.8%""}"
2026-02-07T16:22:48.451712Z,return,Return,17,Damir Dzumhur,D923,https://www.atptour.com/en/players/damir-dzumhur/d923/overview,https://www.atptour.com/-/media/alias/player-headshot/D923,148.8,% 1st Serve Return Points Won,32.9%,% 2nd Serve Return Points Won,48.4%,% Return Games Won,24.3%,% Break Points Converted,43.2%,,,,,"{""% 1st Serve Return Points Won"": ""32.9%"", ""% 2nd Serve Return Points Won"": ""48.4%"", ""% Return Games Won"": ""24.3%"", ""% Break Points Converted"": ""43.2%""}"
2026-02-07T16:22:48.451712Z,return,Return,18,Learner Tien,T0HA,https://www.atptour.com/en/players/learner-tien/t0ha/overview,https://www.atptour.com/-/media/alias/player-headshot/T0HA,147.5,% 1st Serve Return Points Won,28.4%,% 2nd Serve Return Points Won,53.1%,% Return Games Won,23.6%,% Break Points Converted,42.4%,,,,,"{""% 1st Serve Return Points Won"": ""28.4%"", ""% 2nd Serve Return Points Won"": ""53.1%"", ""% Return Games Won"": ""23.6%"", ""% Break Points Converted"": ""42.4%""}"
2026-02-07T16:22:48.451712Z,return,Return,19,Holger Rune,R0DG,https://www.atptour.com/en/players/holger-rune/r0dg/overview,https://www.atptour.com/-/media/alias/player-headshot/R0DG,146.9,% 1st Serve Return Points Won,30.0%,% 2nd Serve Return Points Won,50.2%,% Return Games Won,23.3%,% Break Points Converted,43.4%,,,,,"{""% 1st Serve Return Points Won"": ""30.0%"", ""% 2nd Serve Return Points Won"": ""50.2%"", ""% Return Games Won"": ""23.3%"", ""% Break Points Converted"": ""43.4%""}"
2026-02-07T16:22:48.451712Z,return,Return,20,Jenson Brooksby,B0CD,https://www.atptour.com/en/players/jenson-brooksby/b0cd/overview,https://www.atptour.com/-/media/alias/player-headshot/B0CD,146.6,% 1st Serve Return Points Won,30.4%,% 2nd Serve Return Points Won,52.5%,% Return Games Won,24.7%,% Break Points Converted,39.0%,,,,,"{""% 1st Serve Return Points Won"": ""30.4%"", ""% 2nd Serve Return Points Won"": ""52.5%"", ""% Return Games Won"": ""24.7%"", ""% Break Points Converted"": ""39.0%""}"
2026-02-07T16:22:48.451712Z,return,Return,21,Jaume Munar,MU94,https://www.atptour.com/en/players/jaume-munar/mu94/overview,https://www.atptour.com/-/media/alias/player-headshot/MU94,146.2,% 1st Serve Return Points Won,31.0%,% 2nd Serve Return Points Won,51.2%,% Return Games Won,24.8%,% Break Points Converted,39.2%,,,,,"{""% 1st Serve Return Points Won"": ""31.0%"", ""% 2nd Serve Return Points Won"": ""51.2%"", ""% Return Games Won"": ""24.8%"", ""% Break Points Converted"": ""39.2%""}"
2026-02-07T16:22:48.451712Z,return,Return,22,Tomas Machac,M0FH,https://www.atptour.com/en/players/tomas-machac/m0fh/overview,https://www.atptour.com/-/media/alias/player-headshot/M0FH,145.3,% 1st Serve Return Points Won,27.7%,% 2nd Serve Return Points Won,49.2%,% Return Games Won,22.3%,% Break Points Converted,46.1%,,,,,"{""% 1st Serve Return Points Won"": ""27.7%"", ""% 2nd Serve Return Points Won"": ""49.2%"", ""% Return Games Won"": ""22.3%"", ""% Break Points Converted"": ""46.1%""}"
2026-02-07T16:22:48.451712Z,return,Return,23,Alexander Zverev,Z355,https://www.atptour.com/en/players/alexander-zverev/z355/overview,https://www.atptour.com/-/media/alias/player-headshot/Z355,143.5,% 1st Serve Return Points Won,29.8%,% 2nd Serve Return Points Won,50.4%,% Return Games Won,21.8%,% Break Points Converted,41.5%,,,,,"{""% 1st Serve Return Points Won"": ""29.8%"", ""% 2nd Serve Return Points Won"": ""50.4%"", ""% Return Games Won"": ""21.8%"", ""% Break Points Converted"": ""41.5%""}"
2026-02-07T16:22:48.451712Z,return,Return,24,Jacob Fearnley,F0BY,https://www.atptour.com/en/players/jacob-fearnley/f0by/overview,https://www.atptour.com/-/media/alias/player-headshot/F0BY,142.8,% 1st Serve Return Points Won,29.7%,% 2nd Serve Return Points Won,48.0%,% Return Games Won,21.9%,% Break Points Converted,43.2%,,,,,"{""% 1st Serve Return Points Won"": ""29.7%"", ""% 2nd Serve Return Points Won"": ""48.0%"", ""% Return Games Won"": ""21.9%"", ""% Break Points Converted"": ""43.2%""}"
2026-02-07T16:22:48.451712Z,return,Return,25,Flavio Cobolli,C0E9,https://www.atptour.com/en/players/flavio-cobolli/c0e9/overview,https://www.atptour.com/-/media/alias/player-headshot/C0E9,142.0,% 1st Serve Return Points Won,31.2%,% 2nd Serve Return Points Won,49.2%,% Return Games Won,23.7%,% Break Points Converted,37.9%,,,,,"{""% 1st Serve Return Points Won"": ""31.2%"", ""% 2nd Serve Return Points Won"": ""49.2%"", ""% Return Games Won"": ""23.7%"", ""% Break Points Converted"": ""37.9%""}"
2026-02-07T16:22:48.451712Z,return,Return,26,Karen Khachanov,KE29,https://www.atptour.com/en/players/karen-khachanov/ke29/overview,https://www.atptour.com/-/media/alias/player-headshot/KE29,141.7,% 1st Serve Return Points Won,27.7%,% 2nd Serve Return Points Won,52.7%,% Return Games Won,22.4%,% Break Points Converted,38.9%,,,,,"{""% 1st Serve Return Points Won"": ""27.7%"", ""% 2nd Serve Return Points Won"": ""52.7%"", ""% Return Games Won"": ""22.4%"", ""% Break Points Converted"": ""38.9%""}"
2026-02-07T16:22:48.451712Z,return,Return,27,Frances Tiafoe,TD51,https://www.atptour.com/en/players/frances-tiafoe/td51/overview,https://www.atptour.com/-/media/alias/player-headshot/TD51,141.6,% 1st Serve Return Points Won,28.5%,% 2nd Serve Return Points Won,50.5%,% Return Games Won,22.9%,% Break Points Converted,39.7%,,,,,"{""% 1st Serve Return Points Won"": ""28.5%"", ""% 2nd Serve Return Points Won"": ""50.5%"", ""% Return Games Won"": ""22.9%"", ""% Break Points Converted"": ""39.7%""}"
2026-02-07T16:22:48.451712Z,return,Return,28,Jakub Mensik,M0NI,https://www.atptour.com/en/players/jakub-mensik/m0ni/overview,https://www.atptour.com/-/media/alias/player-headshot/M0NI,141.3,% 1st Serve Return Points Won,29.3%,% 2nd Serve Return Points Won,48.9%,% Return Games Won,20.9%,% Break Points Converted,42.2%,,,,,"{""% 1st Serve Return Points Won"": ""29.3%"", ""% 2nd Serve Return Points Won"": ""48.9%"", ""% Return Games Won"": ""20.9%"", ""% Break Points Converted"": ""42.2%""}"
2026-02-07T16:22:48.451712Z,return,Return,29,Casper Ruud,RH16,https://www.atptour.com/en/players/casper-ruud/rh16/overview,https://www.atptour.com/-/media/alias/player-headshot/RH16,141.2,% 1st Serve Return Points Won,29.0%,% 2nd Serve Return Points Won,50.2%,% Return Games Won,22.3%,% Break Points Converted,39.7%,,,,,"{""% 1st Serve Return Points Won"": ""29.0%"", ""% 2nd Serve Return Points Won"": ""50.2%"", ""% Return Games Won"": ""22.3%"", ""% Break Points Converted"": ""39.7%""}"
2026-02-07T16:22:48.451712Z,return,Return,30,Kamil Majchrzak,MQ75,https://www.atptour.com/en/players/kamil-majchrzak/mq75/overview,https://www.atptour.com/-/media/alias/player-headshot/MQ75,140.7,% 1st Serve Return Points Won,27.4%,% 2nd Serve Return Points Won,53.6%,% Return Games Won,21.1%,% Break Points Converted,38.6%,,,,,"{""% 1st Serve Return Points Won"": ""27.4%"", ""% 2nd Serve Return Points Won"": ""53.6%"", ""% Return Games Won"": ""21.1%"", ""% Break Points Converted"": ""38.6%""}"
2026-02-07T16:22:48.451712Z,return,Return,31,Valentin Vacherot,VA25,https://www.atptour.com/en/players/valentin-vacherot/va25/overview,https://www.atptour.com/-/media/alias/player-headshot/VA25,140.2,% 1st Serve Return Points Won,28.1%,% 2nd Serve Return Points Won,49.6%,% Return Games Won,21.6%,% Break Points Converted,40.9%,,,,,"{""% 1st Serve Return Points Won"": ""28.1%"", ""% 2nd Serve Return Points Won"": ""49.6%"", ""% Return Games Won"": ""21.6%"", ""% Break Points Converted"": ""40.9%""}"
2026-02-07T16:22:48.451712Z,return,Return,32,Grigor Dimitrov,D875,https://www.atptour.com/en/players/grigor-dimitrov/d875/overview,https://www.atptour.com/-/media/alias/player-headshot/D875,139.6,% 1st Serve Return Points Won,29.8%,% 2nd Serve Return Points Won,50.0%,% Return Games Won,21.0%,% Break Points Converted,38.8%,,,,,"{""% 1st Serve Return Points Won"": ""29.8%"", ""% 2nd Serve Return Points Won"": ""50.0%"", ""% Return Games Won"": ""21.0%"", ""% Break Points Converted"": ""38.8%""}"
2026-02-07T16:22:48.451712Z,return,Return,33,Marcos Giron,GC88,https://www.atptour.com/en/players/marcos-giron/gc88/overview,https://www.atptour.com/-/media/alias/player-headshot/GC88,139.2,% 1st Serve Return Points Won,27.8%,% 2nd Serve Return Points Won,50.1%,% Return Games Won,19.6%,% Break Points Converted,41.7%,,,,,"{""% 1st Serve Return Points Won"": ""27.8%"", ""% 2nd Serve Return Points Won"": ""50.1%"", ""% Return Games Won"": ""19.6%"", ""% Break Points Converted"": ""41.7%""}"
2026-02-07T16:22:48.451712Z,return,Return,34,Pedro Martinez,MO44,https://www.atptour.com/en/players/pedro-martinez/mo44/overview,https://www.atptour.com/-/media/alias/player-headshot/MO44,137.5,% 1st Serve Return Points Won,26.7%,% 2nd Serve Return Points Won,51.4%,% Return Games Won,20.2%,% Break Points Converted,39.2%,,,,,"{""% 1st Serve Return Points Won"": ""26.7%"", ""% 2nd Serve Return Points Won"": ""51.4%"", ""% Return Games Won"": ""20.2%"", ""% Break Points Converted"": ""39.2%""}"
2026-02-07T16:22:48.451712Z,return,Return,35,Camilo Ugo Carabelli,U182,https://www.atptour.com/en/players/camilo-ugo/u182/overview,https://www.atptour.com/-/media/alias/player-headshot/U182,136.9,% 1st Serve Return Points Won,29.5%,% 2nd Serve Return Points Won,48.4%,% Return Games Won,19.8%,% Break Points Converted,39.2%,,,,,"{""% 1st Serve Return Points Won"": ""29.5%"", ""% 2nd Serve Return Points Won"": ""48.4%"", ""% Return Games Won"": ""19.8%"", ""% Break Points Converted"": ""39.2%""}"
2026-02-07T16:22:48.451712Z,return,Return,36,Botic van de Zandschulp,V812,https://www.atptour.com/en/players/botic-van/v812/overview,https://www.atptour.com/-/media/alias/player-headshot/V812,136.8,% 1st Serve Return Points Won,29.7%,% 2nd Serve Return Points Won,48.8%,% Return Games Won,19.8%,% Break Points Converted,38.5%,,,,,"{""% 1st Serve Return Points Won"": ""29.7%"", ""% 2nd Serve Return Points Won"": ""48.8%"", ""% Return Games Won"": ""19.8%"", ""% Break Points Converted"": ""38.5%""}"
2026-02-07T16:22:48.451712Z,return,Return,37,Adam Walton,W09E,https://www.atptour.com/en/players/adam-walton/w09e/overview,https://www.atptour.com/-/media/alias/player-headshot/W09E,136.3,% 1st Serve Return Points Won,25.6%,% 2nd Serve Return Points Won,49.3%,% Return Games Won,18.9%,% Break Points Converted,42.5%,,,,,"{""% 1st Serve Return Points Won"": ""25.6%"", ""% 2nd Serve Return Points Won"": ""49.3%"", ""% Return Games Won"": ""18.9%"", ""% Break Points Converted"": ""42.5%""}"
2026-02-07T16:22:48.451712Z,return,Return,38,Jiri Lehecka,L0BV,https://www.atptour.com/en/players/jiri-lehecka/l0bv/overview,https://www.atptour.com/-/media/alias/player-headshot/L0BV,136.0,% 1st Serve Return Points Won,26.9%,% 2nd Serve Return Points Won,48.9%,% Return Games Won,19.3%,% Break Points Converted,40.9%,,,,,"{""% 1st Serve Return Points Won"": ""26.9%"", ""% 2nd Serve Return Points Won"": ""48.9%"", ""% Return Games Won"": ""19.3%"", ""% Break Points Converted"": ""40.9%""}"
2026-02-07T16:22:48.451712Z,return,Return,39,Luciano Darderi,D0FJ,https://www.atptour.com/en/players/luciano-darderi/d0fj/overview,https://www.atptour.com/-/media/alias/player-headshot/D0FJ,135.9,% 1st Serve Return Points Won,29.2%,% 2nd Serve Return Points Won,48.8%,% Return Games Won,21.0%,% Break Points Converted,36.9%,,,,,"{""% 1st Serve Return Points Won"": ""29.2%"", ""% 2nd Serve Return Points Won"": ""48.8%"", ""% Return Games Won"": ""21.0%"", ""% Break Points Converted"": ""36.9%""}"
2026-02-07T16:22:48.451712Z,return,Return,40,Andrey Rublev,RE44,https://www.atptour.com/en/players/andrey-rublev/re44/overview,https://www.atptour.com/-/media/alias/player-headshot/RE44,135.8,% 1st Serve Return Points Won,28.8%,% 2nd Serve Return Points Won,48.8%,% Return Games Won,20.6%,% Break Points Converted,37.6%,,,,,"{""% 1st Serve Return Points Won"": ""28.8%"", ""% 2nd Serve Return Points Won"": ""48.8%"", ""% Return Games Won"": ""20.6%"", ""% Break Points Converted"": ""37.6%""}"
2026-02-07T16:22:48.451712Z,return,Return,41,Ethan Quinn,Q02L,https://www.atptour.com/en/players/ethan-quinn/q02l/overview,https://www.atptour.com/-/media/alias/player-headshot/Q02L,135.8,% 1st Serve Return Points Won,28.7%,% 2nd Serve Return Points Won,46.4%,% Return Games Won,17.9%,% Break Points Converted,42.8%,,,,,"{""% 1st Serve Return Points Won"": ""28.7%"", ""% 2nd Serve Return Points Won"": ""46.4%"", ""% Return Games Won"": ""17.9%"", ""% Break Points Converted"": ""42.8%""}"
2026-02-07T16:22:48.451712Z,return,Return,42,Joao Fonseca,F0FV,https://www.atptour.com/en/players/joao-fonseca/f0fv/overview,https://www.atptour.com/-/media/alias/player-headshot/F0FV,134.8,% 1st Serve Return Points Won,29.1%,% 2nd Serve Return Points Won,48.4%,% Return Games Won,21.1%,% Break Points Converted,36.2%,,,,,"{""% 1st Serve Return Points Won"": ""29.1%"", ""% 2nd Serve Return Points Won"": ""48.4%"", ""% Return Games Won"": ""21.1%"", ""% Break Points Converted"": ""36.2%""}"
2026-02-07T16:22:48.451712Z,return,Return,43,Cameron Norrie,N771,https://www.atptour.com/en/players/cameron-norrie/n771/overview,https://www.atptour.com/-/media/alias/player-headshot/N771,134.4,% 1st Serve Return Points Won,27.0%,% 2nd Serve Return Points Won,50.8%,% Return Games Won,19.6%,% Break Points Converted,37.0%,,,,,"{""% 1st Serve Return Points Won"": ""27.0%"", ""% 2nd Serve Return Points Won"": ""50.8%"", ""% Return Games Won"": ""19.6%"", ""% Break Points Converted"": ""37.0%""}"
2026-02-07T16:22:48.451712Z,return,Return,44,Zizou Bergs,BU13,https://www.atptour.com/en/players/zizou-bergs/bu13/overview,https://www.atptour.com/-/media/alias/player-headshot/BU13,133.9,% 1st Serve Return Points Won,28.3%,% 2nd Serve Return Points Won,49.1%,% Return Games Won,19.1%,% Break Points Converted,37.4%,,,,,"{""% 1st Serve Return Points Won"": ""28.3%"", ""% 2nd Serve Return Points Won"": ""49.1%"", ""% Return Games Won"": ""19.1%"", ""% Break Points Converted"": ""37.4%""}"
2026-02-07T16:22:48.451712Z,return,Return,45,Fabian Marozsan,M0CI,https://www.atptour.com/en/players/fabian-marozsan/m0ci/overview,https://www.atptour.com/-/media/alias/player-headshot/M0CI,133.7,% 1st Serve Return Points Won,28.8%,% 2nd Serve Return Points Won,48.4%,% Return Games Won,19.6%,% Break Points Converted,36.9%,,,,,"{""% 1st Serve Return Points Won"": ""28.8%"", ""% 2nd Serve Return Points Won"": ""48.4%"", ""% Return Games Won"": ""19.6%"", ""% Break Points Converted"": ""36.9%""}"
2026-02-07T16:22:48.451712Z,return,Return,46,Alexander Bublik,BK92,https://www.atptour.com/en/players/alexander-bublik/bk92/overview,https://www.atptour.com/-/media/alias/player-headshot/BK92,133.3,% 1st Serve Return Points Won,27.7%,% 2nd Serve Return Points Won,47.4%,% Return Games Won,18.6%,% Break Points Converted,39.6%,,,,,"{""% 1st Serve Return Points Won"": ""27.7%"", ""% 2nd Serve Return Points Won"": ""47.4%"", ""% Return Games Won"": ""18.6%"", ""% Break Points Converted"": ""39.6%""}"
2026-02-07T16:22:48.451712Z,return,Return,47,Roberto Bautista Agut,BD06,https://www.atptour.com/en/players/roberto-bautista/bd06/overview,https://www.atptour.com/-/media/alias/player-headshot/BD06,133.1,% 1st Serve Return Points Won,26.7%,% 2nd Serve Return Points Won,50.1%,% Return Games Won,18.6%,% Break Points Converted,37.7%,,,,,"{""% 1st Serve Return Points Won"": ""26.7%"", ""% 2nd Serve Return Points Won"": ""50.1%"", ""% Return Games Won"": ""18.6%"", ""% Break Points Converted"": ""37.7%""}"
2026-02-07T16:22:48.451712Z,return,Return,48,Miomir Kecmanovic,KI95,https://www.atptour.com/en/players/miomir-kecmanovic/ki95/overview,https://www.atptour.com/-/media/alias/player-headshot/KI95,133.0,% 1st Serve Return Points Won,26.6%,% 2nd Serve Return Points Won,51.2%,% Return Games Won,18.9%,% Break Points Converted,36.3%,,,,,"{""% 1st Serve Return Points Won"": ""26.6%"", ""% 2nd Serve Return Points Won"": ""51.2%"", ""% Return Games Won"": ""18.9%"", ""% Break Points Converted"": ""36.3%""}"
2026-02-07T16:22:48.451712Z,return,Return,49,Ugo Humbert,HH26,https://www.atptour.com/en/players/ugo-humbert/hh26/overview,https://www.atptour.com/-/media/alias/player-headshot/HH26,132.1,% 1st Serve Return Points Won,28.0%,% 2nd Serve Return Points Won,47.5%,% Return Games Won,19.2%,% Break Points Converted,37.4%,,,,,"{""% 1st Serve Return Points Won"": ""28.0%"", ""% 2nd Serve Return Points Won"": ""47.5%"", ""% Return Games Won"": ""19.2%"", ""% Break Points Converted"": ""37.4%""}"
2026-02-07T16:22:48.451712Z,return,Return,50,Tomas Martin Etcheverry,EA24,https://www.atptour.com/en/players/tomas-martin/ea24/overview,https://www.atptour.com/-/media/alias/player-headshot/EA24,131.9,% 1st Serve Return Points Won,27.3%,% 2nd Serve Return Points Won,49.0%,% Return Games Won,19.3%,% Break Points Converted,36.3%,,,,,"{""% 1st Serve Return Points Won"": ""27.3%"", ""% 2nd Serve Return Points Won"": ""49.0%"", ""% Return Games Won"": ""19.3%"", ""% Break Points Converted"": ""36.3%""}"
2026-02-07T16:22:48.451712Z,serve,Serve,1,Jannik Sinner,S0AG,https://www.atptour.com/en/players/jannik-sinner/s0ag/overview,https://www.atptour.com/-/media/alias/player-headshot/S0AG,296.9,% 1st Serve,63.0%,% 1st Serve Points Won,79.0%,% 2st Serve Points Won,58.0%,% Service Games Won,91.3%,Avg. Aces/ Match,6.9,Avg. Double Faults/Match,1.3,"{""% 1st Serve"": ""63.0%"", ""% 1st Serve Points Won"": ""79.0%"", ""% 2st Serve Points Won"": ""58.0%"", ""% Service Games Won"": ""91.3%"", ""Avg. Aces/ Match"": ""6.9"", ""Avg. Double Faults/Match"": ""1.3""}"
2026-02-07T16:22:48.451712Z,serve,Serve,2,Giovanni Mpetshi Perricard,M0GZ,https://www.atptour.com/en/players/giovanni-mpetshi/m0gz/overview,https://www.atptour.com/-/media/alias/player-headshot/M0GZ,296.3,% 1st Serve,68.0%,% 1st Serve Points Won,77.6%,% 2st Serve Points Won,52.3%,% Service Games Won,87.9%,Avg. Aces/ Match,14.2,Avg. Double Faults/Match,3.7,"{""% 1st Serve"": ""68.0%"", ""% 1st Serve Points Won"": ""77.6%"", ""% 2st Serve Points Won"": ""52.3%"", ""% Service Games Won"": ""87.9%"", ""Avg. Aces/ Match"": ""14.2"", ""Avg. Double Faults/Match"": ""3.7""}"
2026-02-07T16:22:48.451712Z,serve,Serve,3,Taylor Fritz,FB98,https://www.atptour.com/en/players/taylor-fritz/fb98/overview,https://www.atptour.com/-/media/alias/player-headshot/FB98,296.3,% 1st Serve,64.1%,% 1st Serve Points Won,79.4%,% 2st Serve Points Won,53.9%,% Service Games Won,88.5%,Avg. Aces/ Match,12.4,Avg. Double Faults/Match,2.0,"{""% 1st Serve"": ""64.1%"", ""% 1st Serve Points Won"": ""79.4%"", ""% 2st Serve Points Won"": ""53.9%"", ""% Service Games Won"": ""88.5%"", ""Avg. Aces/ Match"": ""12.4"", ""Avg. Double Faults/Match"": ""2.0""}"
2026-02-07T16:22:48.451712Z,serve,Serve,4,Reilly Opelka,O522,https://www.atptour.com/en/players/reilly-opelka/o522/overview,https://www.atptour.com/-/media/alias/player-headshot/O522,295.7,% 1st Serve,63.3%,% 1st Serve Points Won,78.9%,% 2st Serve Points Won,51.9%,% Service Games Won,88.7%,Avg. Aces/ Match,16.9,Avg. Double Faults/Match,4.0,"{""% 1st Serve"": ""63.3%"", ""% 1st Serve Points Won"": ""78.9%"", ""% 2st Serve Points Won"": ""51.9%"", ""% Service Games Won"": ""88.7%"", ""Avg. Aces/ Match"": ""16.9"", ""Avg. Double Faults/Match"": ""4.0""}"
2026-02-07T16:22:48.451712Z,serve,Serve,5,Alexander Zverev,Z355,https://www.atptour.com/en/players/alexander-zverev/z355/overview,https://www.atptour.com/-/media/alias/player-headshot/Z355,292.6,% 1st Serve,72.4%,% 1st Serve Points Won,73.6%,% 2st Serve Points Won,54.1%,% Service Games Won,86.7%,Avg. Aces/ Match,7.6,Avg. Double Faults/Match,1.8,"{""% 1st Serve"": ""72.4%"", ""% 1st Serve Points Won"": ""73.6%"", ""% 2st Serve Points Won"": ""54.1%"", ""% Service Games Won"": ""86.7%"", ""Avg. Aces/ Match"": ""7.6"", ""Avg. Double Faults/Match"": ""1.8""}"
2026-02-07T16:22:48.451712Z,serve,Serve,6,Matteo Berrettini,BK40,https://www.atptour.com/en/players/matteo-berrettini/bk40/overview,https://www.atptour.com/-/media/alias/player-headshot/BK40,292.4,% 1st Serve,67.9%,% 1st Serve Points Won,75.9%,% 2st Serve Points Won,53.9%,% Service Games Won,86.5%,Avg. Aces/ Match,9.6,Avg. Double Faults/Match,1.4,"{""% 1st Serve"": ""67.9%"", ""% 1st Serve Points Won"": ""75.9%"", ""% 2st Serve Points Won"": ""53.9%"", ""% Service Games Won"": ""86.5%"", ""Avg. Aces/ Match"": ""9.6"", ""Avg. Double Faults/Match"": ""1.4""}"
2026-02-07T16:22:48.451712Z,serve,Serve,7,Novak Djokovic,D643,https://www.atptour.com/en/players/novak-djokovic/d643/overview,https://www.atptour.com/-/media/alias/player-headshot/D643,291.3,% 1st Serve,67.2%,% 1st Serve Points Won,76.7%,% 2st Serve Points Won,54.1%,% Service Games Won,87.5%,Avg. Aces/ Match,7.9,Avg. Double Faults/Match,2.1,"{""% 1st Serve"": ""67.2%"", ""% 1st Serve Points Won"": ""76.7%"", ""% 2st Serve Points Won"": ""54.1%"", ""% Service Games Won"": ""87.5%"", ""Avg. Aces/ Match"": ""7.9"", ""Avg. Double Faults/Match"": ""2.1""}"
2026-02-07T16:22:48.451712Z,serve,Serve,8,Ben Shelton,S0S1,https://www.atptour.com/en/players/ben-shelton/s0s1/overview,https://www.atptour.com/-/media/alias/player-headshot/S0S1,288.7,% 1st Serve,64.6%,% 1st Serve Points Won,75.6%,% 2st Serve Points Won,54.6%,% Service Games Won,87.1%,Avg. Aces/ Match,9.8,Avg. Double Faults/Match,3.0,"{""% 1st Serve"": ""64.6%"", ""% 1st Serve Points Won"": ""75.6%"", ""% 2st Serve Points Won"": ""54.6%"", ""% Service Games Won"": ""87.1%"", ""Avg. Aces/ Match"": ""9.8"", ""Avg. Double Faults/Match"": ""3.0""}"
2026-02-07T16:22:48.451712Z,serve,Serve,9,Felix Auger-Aliassime,AG37,https://www.atptour.com/en/players/felix-auger-aliassime/ag37/overview,https://www.atptour.com/-/media/alias/player-headshot/AG37,288.1,% 1st Serve,66.6%,% 1st Serve Points Won,76.7%,% 2st Serve Points Won,52.0%,% Service Games Won,85.9%,Avg. Aces/ Match,10.0,Avg. Double Faults/Match,3.1,"{""% 1st Serve"": ""66.6%"", ""% 1st Serve Points Won"": ""76.7%"", ""% 2st Serve Points Won"": ""52.0%"", ""% Service Games Won"": ""85.9%"", ""Avg. Aces/ Match"": ""10.0"", ""Avg. Double Faults/Match"": ""3.1""}"
2026-02-07T16:22:48.451712Z,serve,Serve,10,Jack Draper,D0CO,https://www.atptour.com/en/players/jack-draper/d0co/overview,https://www.atptour.com/-/media/alias/player-headshot/D0CO,288.0,% 1st Serve,63.4%,% 1st Serve Points Won,77.0%,% 2st Serve Points Won,55.0%,% Service Games Won,87.5%,Avg. Aces/ Match,7.6,Avg. Double Faults/Match,2.5,"{""% 1st Serve"": ""63.4%"", ""% 1st Serve Points Won"": ""77.0%"", ""% 2st Serve Points Won"": ""55.0%"", ""% Service Games Won"": ""87.5%"", ""Avg. Aces/ Match"": ""7.6"", ""Avg. Double Faults/Match"": ""2.5""}"
2026-02-07T16:22:48.451712Z,serve,Serve,11,Carlos Alcaraz,A0E2,https://www.atptour.com/en/players/carlos-alcaraz/a0e2/overview,https://www.atptour.com/-/media/alias/player-headshot/A0E2,286.8,% 1st Serve,64.3%,% 1st Serve Points Won,74.0%,% 2st Serve Points Won,57.4%,% Service Games Won,88.0%,Avg. Aces/ Match,5.7,Avg. Double Faults/Match,2.6,"{""% 1st Serve"": ""64.3%"", ""% 1st Serve Points Won"": ""74.0%"", ""% 2st Serve Points Won"": ""57.4%"", ""% Service Games Won"": ""88.0%"", ""Avg. Aces/ Match"": ""5.7"", ""Avg. Double Faults/Match"": ""2.6""}"
2026-02-07T16:22:48.451712Z,serve,Serve,12,Alexander Bublik,BK92,https://www.atptour.com/en/players/alexander-bublik/bk92/overview,https://www.atptour.com/-/media/alias/player-headshot/BK92,285.3,% 1st Serve,62.8%,% 1st Serve Points Won,78.9%,% 2st Serve Points Won,49.0%,% Service Games Won,87.4%,Avg. Aces/ Match,11.8,Avg. Double Faults/Match,4.6,"{""% 1st Serve"": ""62.8%"", ""% 1st Serve Points Won"": ""78.9%"", ""% 2st Serve Points Won"": ""49.0%"", ""% Service Games Won"": ""87.4%"", ""Avg. Aces/ Match"": ""11.8"", ""Avg. Double Faults/Match"": ""4.6""}"
2026-02-07T16:22:48.451712Z,serve,Serve,13,Brandon Nakashima,N0AE,https://www.atptour.com/en/players/brandon-nakashima/n0ae/overview,https://www.atptour.com/-/media/alias/player-headshot/N0AE,285.2,% 1st Serve,66.2%,% 1st Serve Points Won,74.2%,% 2st Serve Points Won,52.3%,% Service Games Won,84.8%,Avg. Aces/ Match,8.7,Avg. Double Faults/Match,1.0,"{""% 1st Serve"": ""66.2%"", ""% 1st Serve Points Won"": ""74.2%"", ""% 2st Serve Points Won"": ""52.3%"", ""% Service Games Won"": ""84.8%"", ""Avg. Aces/ Match"": ""8.7"", ""Avg. Double Faults/Match"": ""1.0""}"
2026-02-07T16:22:48.451712Z,serve,Serve,14,Casper Ruud,RH16,https://www.atptour.com/en/players/casper-ruud/rh16/overview,https://www.atptour.com/-/media/alias/player-headshot/RH16,282.6,% 1st Serve,66.3%,% 1st Serve Points Won,73.5%,% 2st Serve Points Won,53.4%,% Service Games Won,85.3%,Avg. Aces/ Match,6.2,Avg. Double Faults/Match,2.1,"{""% 1st Serve"": ""66.3%"", ""% 1st Serve Points Won"": ""73.5%"", ""% 2st Serve Points Won"": ""53.4%"", ""% Service Games Won"": ""85.3%"", ""Avg. Aces/ Match"": ""6.2"", ""Avg. Double Faults/Match"": ""2.1""}"
2026-02-07T16:22:48.451712Z,serve,Serve,15,Valentin Vacherot,VA25,https://www.atptour.com/en/players/valentin-vacherot/va25/overview,https://www.atptour.com/-/media/alias/player-headshot/VA25,281.8,% 1st Serve,65.8%,% 1st Serve Points Won,73.6%,% 2st Serve Points Won,52.4%,% Service Games Won,84.4%,Avg. Aces/ Match,8.3,Avg. Double Faults/Match,2.7,"{""% 1st Serve"": ""65.8%"", ""% 1st Serve Points Won"": ""73.6%"", ""% 2st Serve Points Won"": ""52.4%"", ""% Service Games Won"": ""84.4%"", ""Avg. Aces/ Match"": ""8.3"", ""Avg. Double Faults/Match"": ""2.7""}"
2026-02-07T16:22:48.451712Z,serve,Serve,16,Arthur Rinderknech,RC91,https://www.atptour.com/en/players/arthur-rinderknech/rc91/overview,https://www.atptour.com/-/media/alias/player-headshot/RC91,281.0,% 1st Serve,62.9%,% 1st Serve Points Won,75.1%,% 2st Serve Points Won,50.9%,% Service Games Won,85.3%,Avg. Aces/ Match,10.0,Avg. Double Faults/Match,3.2,"{""% 1st Serve"": ""62.9%"", ""% 1st Serve Points Won"": ""75.1%"", ""% 2st Serve Points Won"": ""50.9%"", ""% Service Games Won"": ""85.3%"", ""Avg. Aces/ Match"": ""10.0"", ""Avg. Double Faults/Match"": ""3.2""}"
2026-02-07T16:22:48.451712Z,serve,Serve,17,Stefanos Tsitsipas,TE51,https://www.atptour.com/en/players/stefanos-tsitsipas/te51/overview,https://www.atptour.com/-/media/alias/player-headshot/TE51,280.9,% 1st Serve,60.0%,% 1st Serve Points Won,77.4%,% 2st Serve Points Won,53.4%,% Service Games Won,86.2%,Avg. Aces/ Match,7.2,Avg. Double Faults/Match,3.3,"{""% 1st Serve"": ""60.0%"", ""% 1st Serve Points Won"": ""77.4%"", ""% 2st Serve Points Won"": ""53.4%"", ""% Service Games Won"": ""86.2%"", ""Avg. Aces/ Match"": ""7.2"", ""Avg. Double Faults/Match"": ""3.3""}"
2026-02-07T16:22:48.451712Z,serve,Serve,18,Gabriel Diallo,D0F6,https://www.atptour.com/en/players/gabriel-diallo/d0f6/overview,https://www.atptour.com/-/media/alias/player-headshot/D0F6,280.4,% 1st Serve,67.3%,% 1st Serve Points Won,74.1%,% 2st Serve Points Won,50.0%,% Service Games Won,83.2%,Avg. Aces/ Match,8.4,Avg. Double Faults/Match,2.6,"{""% 1st Serve"": ""67.3%"", ""% 1st Serve Points Won"": ""74.1%"", ""% 2st Serve Points Won"": ""50.0%"", ""% Service Games Won"": ""83.2%"", ""Avg. Aces/ Match"": ""8.4"", ""Avg. Double Faults/Match"": ""2.6""}"
2026-02-07T16:22:48.451712Z,serve,Serve,19,Jiri Lehecka,L0BV,https://www.atptour.com/en/players/jiri-lehecka/l0bv/overview,https://www.atptour.com/-/media/alias/player-headshot/L0BV,279.9,% 1st Serve,62.4%,% 1st Serve Points Won,75.0%,% 2st Serve Points Won,52.8%,% Service Games Won,84.0%,Avg. Aces/ Match,8.0,Avg. Double Faults/Match,2.3,"{""% 1st Serve"": ""62.4%"", ""% 1st Serve Points Won"": ""75.0%"", ""% 2st Serve Points Won"": ""52.8%"", ""% Service Games Won"": ""84.0%"", ""Avg. Aces/ Match"": ""8.0"", ""Avg. Double Faults/Match"": ""2.3""}"
2026-02-07T16:22:48.451712Z,serve,Serve,20,Lorenzo Musetti,M0EJ,https://www.atptour.com/en/players/lorenzo-musetti/m0ej/overview,https://www.atptour.com/-/media/alias/player-headshot/M0EJ,279.4,% 1st Serve,65.6%,% 1st Serve Points Won,71.2%,% 2st Serve Points Won,56.1%,% Service Games Won,83.6%,Avg. Aces/ Match,4.8,Avg. Double Faults/Match,1.9,"{""% 1st Serve"": ""65.6%"", ""% 1st Serve Points Won"": ""71.2%"", ""% 2st Serve Points Won"": ""56.1%"", ""% Service Games Won"": ""83.6%"", ""Avg. Aces/ Match"": ""4.8"", ""Avg. Double Faults/Match"": ""1.9""}"
2026-02-07T16:22:48.451712Z,serve,Serve,21,Sebastian Korda,K0AH,https://www.atptour.com/en/players/sebastian-korda/k0ah/overview,https://www.atptour.com/-/media/alias/player-headshot/K0AH,279.1,% 1st Serve,60.1%,% 1st Serve Points Won,74.3%,% 2st Serve Points Won,54.4%,% Service Games Won,83.8%,Avg. Aces/ Match,9.0,Avg. Double Faults/Match,2.5,"{""% 1st Serve"": ""60.1%"", ""% 1st Serve Points Won"": ""74.3%"", ""% 2st Serve Points Won"": ""54.4%"", ""% Service Games Won"": ""83.8%"", ""Avg. Aces/ Match"": ""9.0"", ""Avg. Double Faults/Match"": ""2.5""}"
2026-02-07T16:22:48.451712Z,serve,Serve,22,Tallon Griekspoor,GJ37,https://www.atptour.com/en/players/tallon-griekspoor/gj37/overview,https://www.atptour.com/-/media/alias/player-headshot/GJ37,278.0,% 1st Serve,65.4%,% 1st Serve Points Won,73.7%,% 2st Serve Points Won,50.6%,% Service Games Won,83.5%,Avg. Aces/ Match,8.0,Avg. Double Faults/Match,3.2,"{""% 1st Serve"": ""65.4%"", ""% 1st Serve Points Won"": ""73.7%"", ""% 2st Serve Points Won"": ""50.6%"", ""% Service Games Won"": ""83.5%"", ""Avg. Aces/ Match"": ""8.0"", ""Avg. Double Faults/Match"": ""3.2""}"
2026-02-07T16:22:48.451712Z,serve,Serve,23,Karen Khachanov,KE29,https://www.atptour.com/en/players/karen-khachanov/ke29/overview,https://www.atptour.com/-/media/alias/player-headshot/KE29,277.6,% 1st Serve,63.1%,% 1st Serve Points Won,74.1%,% 2st Serve Points Won,52.2%,% Service Games Won,83.1%,Avg. Aces/ Match,7.5,Avg. Double Faults/Match,2.4,"{""% 1st Serve"": ""63.1%"", ""% 1st Serve Points Won"": ""74.1%"", ""% 2st Serve Points Won"": ""52.2%"", ""% Service Games Won"": ""83.1%"", ""Avg. Aces/ Match"": ""7.5"", ""Avg. Double Faults/Match"": ""2.4""}"
2026-02-07T16:22:48.451712Z,serve,Serve,24,Jakub Mensik,M0NI,https://www.atptour.com/en/players/jakub-mensik/m0ni/overview,https://www.atptour.com/-/media/alias/player-headshot/M0NI,277.6,% 1st Serve,58.8%,% 1st Serve Points Won,77.9%,% 2st Serve Points Won,48.2%,% Service Games Won,83.7%,Avg. Aces/ Match,13.2,Avg. Double Faults/Match,4.2,"{""% 1st Serve"": ""58.8%"", ""% 1st Serve Points Won"": ""77.9%"", ""% 2st Serve Points Won"": ""48.2%"", ""% Service Games Won"": ""83.7%"", ""Avg. Aces/ Match"": ""13.2"", ""Avg. Double Faults/Match"": ""4.2""}"
2026-02-07T16:22:48.451712Z,serve,Serve,25,Joao Fonseca,F0FV,https://www.atptour.com/en/players/joao-fonseca/f0fv/overview,https://www.atptour.com/-/media/alias/player-headshot/F0FV,277.5,% 1st Serve,66.6%,% 1st Serve Points Won,72.2%,% 2st Serve Points Won,51.8%,% Service Games Won,82.8%,Avg. Aces/ Match,6.3,Avg. Double Faults/Match,2.2,"{""% 1st Serve"": ""66.6%"", ""% 1st Serve Points Won"": ""72.2%"", ""% 2st Serve Points Won"": ""51.8%"", ""% Service Games Won"": ""82.8%"", ""Avg. Aces/ Match"": ""6.3"", ""Avg. Double Faults/Match"": ""2.2""}"
2026-02-07T16:22:48.451712Z,serve,Serve,26,Andrey Rublev,RE44,https://www.atptour.com/en/players/andrey-rublev/re44/overview,https://www.atptour.com/-/media/alias/player-headshot/RE44,277.5,% 1st Serve,60.3%,% 1st Serve Points Won,77.1%,% 2st Serve Points Won,51.1%,% Service Games Won,84.0%,Avg. Aces/ Match,8.0,Avg. Double Faults/Match,3.0,"{""% 1st Serve"": ""60.3%"", ""% 1st Serve Points Won"": ""77.1%"", ""% 2st Serve Points Won"": ""51.1%"", ""% Service Games Won"": ""84.0%"", ""Avg. Aces/ Match"": ""8.0"", ""Avg. Double Faults/Match"": ""3.0""}"
2026-02-07T16:22:48.451712Z,serve,Serve,27,Ugo Humbert,HH26,https://www.atptour.com/en/players/ugo-humbert/hh26/overview,https://www.atptour.com/-/media/alias/player-headshot/HH26,276.8,% 1st Serve,61.0%,% 1st Serve Points Won,74.1%,% 2st Serve Points Won,53.9%,% Service Games Won,83.6%,Avg. Aces/ Match,6.6,Avg. Double Faults/Match,2.4,"{""% 1st Serve"": ""61.0%"", ""% 1st Serve Points Won"": ""74.1%"", ""% 2st Serve Points Won"": ""53.9%"", ""% Service Games Won"": ""83.6%"", ""Avg. Aces/ Match"": ""6.6"", ""Avg. Double Faults/Match"": ""2.4""}"
2026-02-07T16:22:48.451712Z,serve,Serve,28,Alexei Popyrin,P09Z,https://www.atptour.com/en/players/alexei-popyrin/p09z/overview,https://www.atptour.com/-/media/alias/player-headshot/P09Z,275.2,% 1st Serve,62.4%,% 1st Serve Points Won,74.7%,% 2st Serve Points Won,49.2%,% Service Games Won,81.6%,Avg. Aces/ Match,10.4,Avg. Double Faults/Match,3.1,"{""% 1st Serve"": ""62.4%"", ""% 1st Serve Points Won"": ""74.7%"", ""% 2st Serve Points Won"": ""49.2%"", ""% Service Games Won"": ""81.6%"", ""Avg. Aces/ Match"": ""10.4"", ""Avg. Double Faults/Match"": ""3.1""}"
2026-02-07T16:22:48.451712Z,serve,Serve,29,Hamad Medjedovic,M0JF,https://www.atptour.com/en/players/hamad-medjedovic/m0jf/overview,https://www.atptour.com/-/media/alias/player-headshot/M0JF,274.9,% 1st Serve,63.8%,% 1st Serve Points Won,72.9%,% 2st Serve Points Won,50.5%,% Service Games Won,82.1%,Avg. Aces/ Match,9.1,Avg. Double Faults/Match,3.5,"{""% 1st Serve"": ""63.8%"", ""% 1st Serve Points Won"": ""72.9%"", ""% 2st Serve Points Won"": ""50.5%"", ""% Service Games Won"": ""82.1%"", ""Avg. Aces/ Match"": ""9.1"", ""Avg. Double Faults/Match"": ""3.5""}"
2026-02-07T16:22:48.451712Z,serve,Serve,30,Lorenzo Sonego,SU87,https://www.atptour.com/en/players/lorenzo-sonego/su87/overview,https://www.atptour.com/-/media/alias/player-headshot/SU87,274.6,% 1st Serve,66.2%,% 1st Serve Points Won,72.1%,% 2st Serve Points Won,50.5%,% Service Games Won,82.3%,Avg. Aces/ Match,5.9,Avg. Double Faults/Match,2.4,"{""% 1st Serve"": ""66.2%"", ""% 1st Serve Points Won"": ""72.1%"", ""% 2st Serve Points Won"": ""50.5%"", ""% Service Games Won"": ""82.3%"", ""Avg. Aces/ Match"": ""5.9"", ""Avg. Double Faults/Match"": ""2.4""}"
2026-02-07T16:22:48.451712Z,serve,Serve,31,Cameron Norrie,N771,https://www.atptour.com/en/players/cameron-norrie/n771/overview,https://www.atptour.com/-/media/alias/player-headshot/N771,273.9,% 1st Serve,65.7%,% 1st Serve Points Won,70.5%,% 2st Serve Points Won,53.3%,% Service Games Won,81.6%,Avg. Aces/ Match,5.3,Avg. Double Faults/Match,2.5,"{""% 1st Serve"": ""65.7%"", ""% 1st Serve Points Won"": ""70.5%"", ""% 2st Serve Points Won"": ""53.3%"", ""% Service Games Won"": ""81.6%"", ""Avg. Aces/ Match"": ""5.3"", ""Avg. Double Faults/Match"": ""2.5""}"
2026-02-07T16:22:48.451712Z,serve,Serve,32,Tommy Paul,PL56,https://www.atptour.com/en/players/tommy-paul/pl56/overview,https://www.atptour.com/-/media/alias/player-headshot/PL56,273.8,% 1st Serve,59.6%,% 1st Serve Points Won,73.1%,% 2st Serve Points Won,55.0%,% Service Games Won,82.7%,Avg. Aces/ Match,5.7,Avg. Double Faults/Match,2.3,"{""% 1st Serve"": ""59.6%"", ""% 1st Serve Points Won"": ""73.1%"", ""% 2st Serve Points Won"": ""55.0%"", ""% Service Games Won"": ""82.7%"", ""Avg. Aces/ Match"": ""5.7"", ""Avg. Double Faults/Match"": ""2.3""}"
2026-02-07T16:22:48.451712Z,serve,Serve,33,Nuno Borges,BT72,https://www.atptour.com/en/players/nuno-borges/bt72/overview,https://www.atptour.com/-/media/alias/player-headshot/BT72,273.5,% 1st Serve,67.0%,% 1st Serve Points Won,71.8%,% 2st Serve Points Won,49.4%,% Service Games Won,81.3%,Avg. Aces/ Match,6.3,Avg. Double Faults/Match,2.3,"{""% 1st Serve"": ""67.0%"", ""% 1st Serve Points Won"": ""71.8%"", ""% 2st Serve Points Won"": ""49.4%"", ""% Service Games Won"": ""81.3%"", ""Avg. Aces/ Match"": ""6.3"", ""Avg. Double Faults/Match"": ""2.3""}"
2026-02-07T16:22:48.451712Z,serve,Serve,34,Holger Rune,R0DG,https://www.atptour.com/en/players/holger-rune/r0dg/overview,https://www.atptour.com/-/media/alias/player-headshot/R0DG,273.4,% 1st Serve,62.3%,% 1st Serve Points Won,72.6%,% 2st Serve Points Won,52.8%,% Service Games Won,83.5%,Avg. Aces/ Match,4.9,Avg. Double Faults/Match,2.7,"{""% 1st Serve"": ""62.3%"", ""% 1st Serve Points Won"": ""72.6%"", ""% 2st Serve Points Won"": ""52.8%"", ""% Service Games Won"": ""83.5%"", ""Avg. Aces/ Match"": ""4.9"", ""Avg. Double Faults/Match"": ""2.7""}"
2026-02-07T16:22:48.451712Z,serve,Serve,35,Daniil Medvedev,MM58,https://www.atptour.com/en/players/daniil-medvedev/mm58/overview,https://www.atptour.com/-/media/alias/player-headshot/MM58,273.3,% 1st Serve,62.4%,% 1st Serve Points Won,75.2%,% 2st Serve Points Won,48.9%,% Service Games Won,82.8%,Avg. Aces/ Match,8.3,Avg. Double Faults/Match,4.3,"{""% 1st Serve"": ""62.4%"", ""% 1st Serve Points Won"": ""75.2%"", ""% 2st Serve Points Won"": ""48.9%"", ""% Service Games Won"": ""82.8%"", ""Avg. Aces/ Match"": ""8.3"", ""Avg. Double Faults/Match"": ""4.3""}"
2026-02-07T16:22:48.451712Z,serve,Serve,36,Grigor Dimitrov,D875,https://www.atptour.com/en/players/grigor-dimitrov/d875/overview,https://www.atptour.com/-/media/alias/player-headshot/D875,272.6,% 1st Serve,58.9%,% 1st Serve Points Won,75.1%,% 2st Serve Points Won,51.7%,% Service Games Won,82.6%,Avg. Aces/ Match,7.9,Avg. Double Faults/Match,3.6,"{""% 1st Serve"": ""58.9%"", ""% 1st Serve Points Won"": ""75.1%"", ""% 2st Serve Points Won"": ""51.7%"", ""% Service Games Won"": ""82.6%"", ""Avg. Aces/ Match"": ""7.9"", ""Avg. Double Faults/Match"": ""3.6""}"
2026-02-07T16:22:48.451712Z,serve,Serve,37,Alex de Minaur,DH58,https://www.atptour.com/en/players/alex-de/dh58/overview,https://www.atptour.com/-/media/alias/player-headshot/DH58,272.6,% 1st Serve,56.3%,% 1st Serve Points Won,73.2%,% 2st Serve Points Won,56.9%,% Service Games Won,84.6%,Avg. Aces/ Match,4.0,Avg. Double Faults/Match,2.4,"{""% 1st Serve"": ""56.3%"", ""% 1st Serve Points Won"": ""73.2%"", ""% 2st Serve Points Won"": ""56.9%"", ""% Service Games Won"": ""84.6%"", ""Avg. Aces/ Match"": ""4.0"", ""Avg. Double Faults/Match"": ""2.4""}"
2026-02-07T16:22:48.451712Z,serve,Serve,38,Tomas Martin Etcheverry,EA24,https://www.atptour.com/en/players/tomas-martin/ea24/overview,https://www.atptour.com/-/media/alias/player-headshot/EA24,272.6,% 1st Serve,63.1%,% 1st Serve Points Won,72.3%,% 2st Serve Points Won,51.0%,% Service Games Won,80.6%,Avg. Aces/ Match,7.3,Avg. Double Faults/Match,1.7,"{""% 1st Serve"": ""63.1%"", ""% 1st Serve Points Won"": ""72.3%"", ""% 2st Serve Points Won"": ""51.0%"", ""% Service Games Won"": ""80.6%"", ""Avg. Aces/ Match"": ""7.3"", ""Avg. Double Faults/Match"": ""1.7""}"
2026-02-07T16:22:48.451712Z,serve,Serve,39,Tomas Machac,M0FH,https://www.atptour.com/en/players/tomas-machac/m0fh/overview,https://www.atptour.com/-/media/alias/player-headshot/M0FH,272.3,% 1st Serve,62.1%,% 1st Serve Points Won,71.6%,% 2st Serve Points Won,53.2%,% Service Games Won,81.7%,Avg. Aces/ Match,6.5,Avg. Double Faults/Match,2.8,"{""% 1st Serve"": ""62.1%"", ""% 1st Serve Points Won"": ""71.6%"", ""% 2st Serve Points Won"": ""53.2%"", ""% Service Games Won"": ""81.7%"", ""Avg. Aces/ Match"": ""6.5"", ""Avg. Double Faults/Match"": ""2.8""}"
2026-02-07T16:22:48.451712Z,serve,Serve,40,Kamil Majchrzak,MQ75,https://www.atptour.com/en/players/kamil-majchrzak/mq75/overview,https://www.atptour.com/-/media/alias/player-headshot/MQ75,272.3,% 1st Serve,62.8%,% 1st Serve Points Won,71.6%,% 2st Serve Points Won,52.0%,% Service Games Won,81.1%,Avg. Aces/ Match,6.6,Avg. Double Faults/Match,1.8,"{""% 1st Serve"": ""62.8%"", ""% 1st Serve Points Won"": ""71.6%"", ""% 2st Serve Points Won"": ""52.0%"", ""% Service Games Won"": ""81.1%"", ""Avg. Aces/ Match"": ""6.6"", ""Avg. Double Faults/Match"": ""1.8""}"
2026-02-07T16:22:48.451712Z,serve,Serve,41,Fabian Marozsan,M0CI,https://www.atptour.com/en/players/fabian-marozsan/m0ci/overview,https://www.atptour.com/-/media/alias/player-headshot/M0CI,271.9,% 1st Serve,64.9%,% 1st Serve Points Won,70.5%,% 2st Serve Points Won,52.4%,% Service Games Won,81.7%,Avg. Aces/ Match,4.5,Avg. Double Faults/Match,2.1,"{""% 1st Serve"": ""64.9%"", ""% 1st Serve Points Won"": ""70.5%"", ""% 2st Serve Points Won"": ""52.4%"", ""% Service Games Won"": ""81.7%"", ""Avg. Aces/ Match"": ""4.5"", ""Avg. Double Faults/Match"": ""2.1""}"
2026-02-07T16:22:48.451712Z,serve,Serve,42,Quentin Halys,HB64,https://www.atptour.com/en/players/quentin-halys/hb64/overview,https://www.atptour.com/-/media/alias/player-headshot/HB64,271.8,% 1st Serve,59.0%,% 1st Serve Points Won,76.5%,% 2st Serve Points Won,49.7%,% Service Games Won,80.5%,Avg. Aces/ Match,10.3,Avg. Double Faults/Match,4.2,"{""% 1st Serve"": ""59.0%"", ""% 1st Serve Points Won"": ""76.5%"", ""% 2st Serve Points Won"": ""49.7%"", ""% Service Games Won"": ""80.5%"", ""Avg. Aces/ Match"": ""10.3"", ""Avg. Double Faults/Match"": ""4.2""}"
2026-02-07T16:22:48.451712Z,serve,Serve,43,Alejandro Davidovich Fokina,DH50,https://www.atptour.com/en/players/alejandro-davidovich/dh50/overview,https://www.atptour.com/-/media/alias/player-headshot/DH50,271.2,% 1st Serve,67.2%,% 1st Serve Points Won,69.0%,% 2st Serve Points Won,52.8%,% Service Games Won,80.5%,Avg. Aces/ Match,3.8,Avg. Double Faults/Match,2.1,"{""% 1st Serve"": ""67.2%"", ""% 1st Serve Points Won"": ""69.0%"", ""% 2st Serve Points Won"": ""52.8%"", ""% Service Games Won"": ""80.5%"", ""Avg. Aces/ Match"": ""3.8"", ""Avg. Double Faults/Match"": ""2.1""}"
2026-02-07T16:22:48.451712Z,serve,Serve,44,Alejandro Tabilo,TE30,https://www.atptour.com/en/players/alejandro-tabilo/te30/overview,https://www.atptour.com/-/media/alias/player-headshot/TE30,270.2,% 1st Serve,64.4%,% 1st Serve Points Won,69.5%,% 2st Serve Points Won,51.3%,% Service Games Won,81.0%,Avg. Aces/ Match,6.1,Avg. Double Faults/Match,2.1,"{""% 1st Serve"": ""64.4%"", ""% 1st Serve Points Won"": ""69.5%"", ""% 2st Serve Points Won"": ""51.3%"", ""% Service Games Won"": ""81.0%"", ""Avg. Aces/ Match"": ""6.1"", ""Avg. Double Faults/Match"": ""2.1""}"
2026-02-07T16:22:48.451712Z,serve,Serve,45,Aleksandar Kovacevic,K0AZ,https://www.atptour.com/en/players/aleksandar-kovacevic/k0az/overview,https://www.atptour.com/-/media/alias/player-headshot/K0AZ,269.5,% 1st Serve,58.7%,% 1st Serve Points Won,75.0%,% 2st Serve Points Won,49.2%,% Service Games Won,81.7%,Avg. Aces/ Match,8.8,Avg. Double Faults/Match,3.9,"{""% 1st Serve"": ""58.7%"", ""% 1st Serve Points Won"": ""75.0%"", ""% 2st Serve Points Won"": ""49.2%"", ""% Service Games Won"": ""81.7%"", ""Avg. Aces/ Match"": ""8.8"", ""Avg. Double Faults/Match"": ""3.9""}"
2026-02-07T16:22:48.451712Z,serve,Serve,46,Arthur Fils,F0F1,https://www.atptour.com/en/players/arthur-fils/f0f1/overview,https://www.atptour.com/-/media/alias/player-headshot/F0F1,269.1,% 1st Serve,62.7%,% 1st Serve Points Won,70.6%,% 2st Serve Points Won,53.4%,% Service Games Won,80.9%,Avg. Aces/ Match,4.1,Avg. Double Faults/Match,2.6,"{""% 1st Serve"": ""62.7%"", ""% 1st Serve Points Won"": ""70.6%"", ""% 2st Serve Points Won"": ""53.4%"", ""% Service Games Won"": ""80.9%"", ""Avg. Aces/ Match"": ""4.1"", ""Avg. Double Faults/Match"": ""2.6""}"
2026-02-07T16:22:48.451712Z,serve,Serve,47,Jaume Munar,MU94,https://www.atptour.com/en/players/jaume-munar/mu94/overview,https://www.atptour.com/-/media/alias/player-headshot/MU94,268.8,% 1st Serve,63.2%,% 1st Serve Points Won,72.4%,% 2st Serve Points Won,51.0%,% Service Games Won,80.6%,Avg. Aces/ Match,4.7,Avg. Double Faults/Match,3.1,"{""% 1st Serve"": ""63.2%"", ""% 1st Serve Points Won"": ""72.4%"", ""% 2st Serve Points Won"": ""51.0%"", ""% Service Games Won"": ""80.6%"", ""Avg. Aces/ Match"": ""4.7"", ""Avg. Double Faults/Match"": ""3.1""}"
2026-02-07T16:22:48.451712Z,serve,Serve,48,Francisco Comesana,C0DF,https://www.atptour.com/en/players/francisco-comesana/c0df/overview,https://www.atptour.com/-/media/alias/player-headshot/C0DF,268.3,% 1st Serve,61.7%,% 1st Serve Points Won,74.2%,% 2st Serve Points Won,47.5%,% Service Games Won,80.0%,Avg. Aces/ Match,8.4,Avg. Double Faults/Match,3.5,"{""% 1st Serve"": ""61.7%"", ""% 1st Serve Points Won"": ""74.2%"", ""% 2st Serve Points Won"": ""47.5%"", ""% Service Games Won"": ""80.0%"", ""Avg. Aces/ Match"": ""8.4"", ""Avg. Double Faults/Match"": ""3.5""}"
2026-02-07T16:22:48.451712Z,serve,Serve,49,Luciano Darderi,D0FJ,https://www.atptour.com/en/players/luciano-darderi/d0fj/overview,https://www.atptour.com/-/media/alias/player-headshot/D0FJ,267.4,% 1st Serve,59.9%,% 1st Serve Points Won,72.3%,% 2st Serve Points Won,52.0%,% Service Games Won,79.6%,Avg. Aces/ Match,6.5,Avg. Double Faults/Match,2.9,"{""% 1st Serve"": ""59.9%"", ""% 1st Serve Points Won"": ""72.3%"", ""% 2st Serve Points Won"": ""52.0%"", ""% Service Games Won"": ""79.6%"", ""Avg. Aces/ Match"": ""6.5"", ""Avg. Double Faults/Match"": ""2.9""}"
2026-02-07T16:22:48.451712Z,serve,Serve,50,Frances Tiafoe,TD51,https://www.atptour.com/en/players/frances-tiafoe/td51/overview,https://www.atptour.com/-/media/alias/player-headshot/TD51,266.7,% 1st Serve,56.2%,% 1st Serve Points Won,74.0%,% 2st Serve Points Won,51.7%,% Service Games Won,79.4%,Avg. Aces/ Match,7.8,Avg. Double Faults/Match,2.4,"{""% 1st Serve"": ""56.2%"", ""% 1st Serve Points Won"": ""74.0%"", ""% 2st Serve Points Won"": ""51.7%"", ""% Service Games Won"": ""79.4%"", ""Avg. Aces/ Match"": ""7.8"", ""Avg. Double Faults/Match"": ""2.4""}"
