rank,ch_raw,career_high,prev_career_high,at_career_high,is_new_career_high,player,age,country,flag,points,rank_change,current,previous,next,max,is_playing
1,CH,1,,yes,no,Aryna Sabalenka,27,BLR,BLR,10990,,,,,,no
2,1,1,,no,no,Iga Świątek,24,POL,POL,7803,,-175,,Lost in Doha QF (R16 ),,no
3,CH,3,,yes,no,Elena Rybakina,26,KAZ,KAZ,7523,,,Doha QF (R16 )7698 8308,,,yes
4,2,2,,no,no,Coco Gauff,21,USA,USA,6423,,+1,,Lost in Doha R32,,no
5,3,3,,no,no,Jessica Pegula,31,USA,USA,5953,+1,-150,,,,no
6,3,3,,no,no,Amanda Anisimova,24,USA,USA,5690,-2,-990,,Lost in Doha R32,,no
7,5,5,,no,no,Mirra Andreeva,18,RUS,RUS,4786,,+55,,Lost in Doha R16,,no
8,4,4,,no,no,Jasmine Paolini,30,ITA,ITA,4157,,-110,,Lost in Doha R32,,no
9,3,3,,no,no,Elina Svitolina,31,UKR,UKR,3260,,+55,,Lost in Doha R16,,no
10,CH,10,,yes,no,Ekaterina Alexandrova,31,RUS,RUS,2918,,-282,,Lost in Doha R32 Advertisement,,no
11,4,4,,no,no,Belinda Bencic,28,SUI,SUI,2843,,,,,,no
12,NCH (13),12,13,yes,yes,Victoria Mboko,19,CAN,CAN,2811,+1,+205,Doha QF (R16 )2986 3596,,,yes
13,12,12,,no,no,Linda Nosková,21,CZE,CZE,2571,-1,-55,,Lost in Doha R32,,no
14,12,12,,no,no,Clara Tauson,23,DEN,DEN,2530,,,,Lost in Doha R64,,no
15,1,1,,no,no,Naomi Osaka,28,JPN,JPN,2366,,,,,,no
16,5,5,,no,no,Madison Keys,30,USA,USA,2351,,,,,,no
17,8,8,,no,no,Karolína Muchová,29,CZE,CZE,2273,+2,+215,Doha QF (R16 )2448 3058,,,yes
18,12,12,,no,no,Ludmilla Samsonova,27,RUS,RUS,2105,-1,-11,,Lost in Doha R64,,no
19,8,8,,no,no,Emma Navarro,24,USA,USA,2100,-1,+5,,Lost in Doha R32,,no
20,CH,20,,yes,no,Iva Jovic,18,USA,USA,2031,,,,,,no
21,11,11,,no,no,Diana Shnaider,21,RUS,RUS,1953,,,,Lost in Doha R64,,no
22,12,12,,no,no,Elise Mertens,30,BEL,BEL,1881,,-55,,Lost in Doha R32,,no
23,4,4,,no,no,Qinwen Zheng,23,CHN,CHN,1768,+3,+110,,Lost in Doha R16,,no
24,11,11,,no,no,Anna Kalinskaya,27,RUS,RUS,1758,+4,+183,Doha QF (R16 )1933 2543,,,yes
25,10,10,,no,no,Emma Raducanu,23,GBR,GBR,1700,,,,Lost in Doha R64,,no
26,16,16,,no,no,Marta Kostyuk,23,UKR,UKR,1649,-3,-214,,,,no
27,5,5,,no,no,Jeļena Ostapenko,28,LAT,LAT,1600,-3,-260,Doha SF (QF )1860 2210,,,yes
28,13,13,,no,no,Leylah Fernandez,23,CAN,CAN,1587,-1,-66,,Lost in Doha R64,,no
29,CH,29,,yes,no,Maya Joint,19,AUS,AUS,1549,,+1,,Lost in Doha R64,,no
30,21,21,,no,no,Sorana Cîrstea,35,ROU,ROU,1499,,+1,,,,no
31,30,30,,no,no,Mccartney Kessler,26,USA,USA,1476,,+1,,,,no
32,4,4,,no,no,Sofia Kenin,27,USA,USA,1472,-3,-95,,Lost in Doha R64,,no
33,3,3,,no,no,Maria Sakkari,30,GRE,GRE,1435,+19,+325,Doha SF (R16 )1695 2045,,,yes
34,32,32,,no,no,Xinyu Wang,24,CHN,CHN,1418,-1,+35,,Lost in Doha R32,,no
35,34,34,,no,no,Loïs Boisson,22,FRA,FRA,1349,,-1,,,,no
36,33,33,,no,no,Ann Li,25,USA,USA,1333,+5,+90,,Lost in Doha R16 (R64 ),,no
37,6,6,,no,no,Markéta Vondroušová,26,CZE,CZE,1328,-2,-10,,,,no
38,35,35,,no,no,Jaqueline Cristian,27,ROU,ROU,1307,,-2,,Lost in Doha R64,,no
39,24,24,,no,no,Marie Bouzková,27,CZE,CZE,1285,,-2,,Lost in Doha R64,,no
40,29,29,,no,no,Elisabetta Cocciaretto,25,ITA,ITA,1280,+17,+217,Qual. Dubai R1,Lost in Qual. Doha R2 Lost in Doha QF Lost in Qual. Doha R2 Lost in Doha QF Qual. Dubai R1,,yes
41,38,38,,no,no,Sára Bejlek,20,CZE,CZE,1277,,-3,,,,no
42,NCH (44),42,44,yes,yes,Tereza Valentová,18,CZE,CZE,1270,+6,+95,Qual. Dubai R1**Qual. Doha W**,Lost in Doha R32 **Qual. Doha W** Lost in Doha R32 Qual. Dubai R1,,yes
43,21,21,,no,no,Dayana Yastremska,25,UKR,UKR,1265,-1,+40,,Lost in Doha R32,,no
44,39,39,,no,no,Hailey Baptiste,24,USA,USA,1264,,-5,Qual. Dubai R1,,,yes
45,40,40,,no,no,Alexandra Eala,20,PHI,PHI,1244,,-5,,Lost in Doha R64,,no
46,27,27,,no,no,Kateřina Siniaková,29,CZE,CZE,1242,-2,+35,,Lost in Doha R32 (R64 ),,no
47,46,46,,no,no,Janice Tjen,23,INA,INA,1236,-1,+51,,Lost in Doha R32,,no
48,40,40,,no,no,Jéssica Bouzas Maneiro,23,ESP,ESP,1202,,-3,,Lost in Doha R64,,no
49,9,9,,no,no,Veronika Kudermetova,28,RUS,RUS,1194,-6,-20,,,,no
50,19,19,,no,no,Magda Linette,34,POL,POL,1124,-3,-55,,Lost in Doha R32 Advertisement,,no
51,44,44,,no,no,Sonay Kartal,24,GBR,GBR,1122,-1,+10,Qual. Dubai R1**Qual. Doha W**,Lost in Doha R64 **Qual. Doha W** Lost in Doha R64 Qual. Dubai R1,,yes
52,27,27,,no,no,Laura Siegemund,37,GER,GER,1101,-1,-10,,Lost in Doha R64,,no
53,2,2,,no,no,Barbora Krejčíková,30,CZE,CZE,1091,,,,,,no
54,36,36,,no,no,Tatjana Maria,38,GER,GER,1089,,,,Lost in Doha R64,,no
55,22,22,,no,no,Magdalena Fręch,28,POL,POL,1053,+4,+20,Qual. Dubai R1,Lost in Qual. Doha R2 Lost in Doha R32 (R64 )Lost in Qual. Doha R2 Lost in Doha R32 (R64 ) Qual. Dubai R1,,yes
56,39,39,,no,no,Eva Lys,24,GER,GER,1043,,+2,,,,no
57,53,53,,no,no,Elsa Jacquemot,22,FRA,FRA,1031,,+3,Qual. Dubai R1,Lost in Doha R64 Lost in Doha R64 Qual. Dubai R1,,yes
58,46,46,,no,no,Emiliana Arango,25,COL,COL,1027,-9,-115,,Lost in Doha R64,,no
59,28,28,,no,no,Peyton Stearns,24,USA,USA,1023,-4,-55,Qual. Dubai R1,Lost in Doha R64 Lost in Doha R64 Qual. Dubai R1,,yes
60,39,39,,no,no,Varvara Gracheva,25,FRA,FRA,1007,+13,+120,Qual. Dubai R1**Qual. Doha W**,Lost in Doha R16 **Qual. Doha W** Lost in Doha R16 Qual. Dubai R1,,yes
61,8,8,,no,no,Daria Kasatkina,28,AUS,AUS,997,,,,Lost in Doha R16,,no
62,50,50,,no,no,Cristina Bucșa,28,ESP,ESP,994,-6,-75,,Lost in Doha R64,,no
63,33,33,,no,no,Camila Osorio,24,COL,COL,991,+17,+140,**Qual. Doha W**,Lost in Doha R16,,yes
64,62,62,,no,no,Solana Sierra,21,ARG,ARG,980,-2,-7,Qual. Dubai R1,Lost in Qual. Doha R2 Lost in Doha R64 Lost in Qual. Doha R2 Lost in Doha R64 Qual. Dubai R1,,yes
65,50,50,,no,no,Anna Bondár,28,HUN,HUN,978,,-2,Qual. Dubai R1,,,yes
66,10,10,,no,no,Beatriz Haddad Maia,29,BRA,BRA,942,+1,+10,,Lost in Qual. Doha R2 Lost in Doha R64,,no
67,65,65,,no,no,Antonia Ružić,23,CRO,CRO,933,,-1,Qual. Dubai R1,Lost in Qual. Doha R1 Lost in Qual. Doha R1 Qual. Dubai R1,,yes
68,54,54,,no,no,Caty McNally,24,USA,USA,928,,,,,,no
69,CH,69,,yes,no,Petra Marčinko,20,CRO,CRO,912,,,Qual. Dubai R1,,,yes
70,2,2,,no,no,Paula Badosa,28,ESP,ESP,901,-6,-65,,,,no
71,CH,71,,yes,no,Oleksandra Oliynykova,25,UKR,UKR,894,,,,,,no
72,65,65,,no,no,Francesca Jones,25,GBR,GBR,890,-7,-48,,,,no
73,32,32,,no,no,Ajla Tomljanović,32,AUS,AUS,881,,+1,,,,no
74,NCH (75),74,75,yes,yes,Oksana Selekhmeteva,23,RUS,RUS,878,,+1,,,,no
75,21,21,,no,no,Anastasia Potapova,24,AUT,AUT,872,,+1,Qual. Dubai R1,,,yes
76,40,40,,no,no,Alycia Parks,25,USA,USA,872,,+1,Qual. Dubai R1**Qual. Doha W**,Lost in Doha R32 **Qual. Doha W** Lost in Doha R32 Qual. Dubai R1,,yes
77,20,20,,no,no,Yulia Putintseva,31,KAZ,KAZ,871,-7,-38,,,,no
78,7,7,,no,no,Danielle Collins,32,USA,USA,865,,,,,,no
79,51,51,,no,no,Elena-Gabriela Ruse,28,ROU,ROU,864,-7,-28,Qual. Dubai R1,,,yes
80,54,54,,no,no,Julia Grabher,29,AUT,AUT,859,,-1,Qual. Dubai R1,Lost in Qual. Doha R1 Lost in Qual. Doha R1 Qual. Dubai R1,,yes
81,CH,81,,yes,no,Simona Waltert,25,SUI,SUI,850,,,,Lost in Qual. Doha R1,,no
82,34,34,,no,no,Anna Blinkova,27,RUS,RUS,848,,+1,,,,no
83,23,23,,no,no,Katie Boulter,29,GBR,GBR,844,,+1,,,,no
84,69,69,,no,no,Zeynep Sönmez,23,TUR,TUR,843,,+1,,Lost in Doha R64,,no
85,22,22,,no,no,Shuai Zhang,37,CHN,CHN,839,,+1,Qual. Dubai R1,Lost in Qual. Doha R1 Lost in Qual. Doha R1 Qual. Dubai R1,,yes
86,79,79,,no,no,Dalma Gálfi,27,HUN,HUN,821,+4,+15,Oeiras QF 843 919,,,yes
87,51,51,,no,no,Renata Zarazúa,28,MEX,MEX,814,+4,+10,,Lost in Qual. Doha R1,,no
88,35,35,,no,no,Viktorija Golubic,33,SUI,SUI,813,+1,+3,Oeiras R16 825 923,,,yes
89,32,32,,no,no,Olga Danilović,25,SRB,SRB,811,,-2,,,,no
90,47,47,,no,no,Moyuka Uchijima,24,JPN,JPN,810,,-2,Qual. Dubai R1**Qual. Doha W**,Lost in Doha R64 **Qual. Doha W** Lost in Doha R64 Qual. Dubai R1,,yes
91,60,60,,no,no,Kamilla Rakhimova,24,UZB,UZB,802,,+1,Qual. Dubai R1,,,yes
92,58,58,,no,no,Kaja Juvan,25,SLO,SLO,796,,+2,,,,no
93,76,76,,no,no,Panna Udvardy,27,HUN,HUN,792,,+2,,,,no
94,60,60,,no,no,Kimberly Birrell,27,AUS,AUS,789,,+2,Qual. Dubai R1,Lost in Qual. Doha R2 Lost in Qual. Doha R2 Qual. Dubai R1,,yes
95,78,78,,no,no,Ella Seidel,20,GER,GER,785,+5,+8,Qual. Dubai R1,Lost in Qual. Doha R2 Lost in Qual. Doha R2 Qual. Dubai R1,,yes
96,56,56,,no,no,Katie Volynets,24,USA,USA,784,-3,-12,Qual. Dubai R1,,,yes
97,87,87,,no,no,Darja Semenistaja,23,LAT,LAT,781,,+1,,,,no
98,39,39,,no,no,Lulu Sun,24,NZL,NZL,780,,+1,,,,no
99,17,17,,no,no,Donna Vekić,29,CRO,CRO,776,-2,-9,Qual. Dubai R1,,,yes
100,29,29,,no,no,Ashlyn Krueger,21,USA,USA,771,,+1,Advertisement,,,yes
101,63,63,,no,no,Yulia Starodubtseva,25,UKR,UKR,762,+2,+18,Qual. Dubai R1,Lost in Qual. Doha R2 Lost in Qual. Doha R2 Qual. Dubai R1,,yes
102,33,33,,no,no,Rebecca Šramková,29,SVK,SVK,758,-20,-90,Qual. Dubai R1,Lost in Qual. Doha R1 Lost in Qual. Doha R1 Qual. Dubai R1,,yes
103,79,79,,no,no,Anastasia Zakharova,24,RUS,RUS,754,+2,+17,Qual. Dubai R1**Qual. Doha W**,Lost in Doha R64**Qual. Doha W** Lost in Doha R64 Qual. Dubai R1,,yes
104,CH,104,,yes,no,Nikola Bartůňková,19,CZE,CZE,743,,,,,,no
105,71,71,,no,no,Tamara Korpatsch,30,GER,GER,734,-3,-17,,,,no
106,104,104,,no,no,Sinja Kraus,23,AUT,AUT,728,,+1,Prague QF 741 787,,,yes
107,48,48,,no,no,Diane Parry,23,FRA,FRA,724,,,,,,no
108,31,31,,no,no,Mayar Sherif,29,EGY,EGY,720,,,,,,no
109,57,57,,no,no,Suzan Lamens,26,NED,NED,717,+2,+14,Oeiras QF 739 815,,,yes
110,11,11,,no,no,Anastasia Pavlyuchenkova,34,RUS,RUS,716,,+10,,Lost in Doha R64,,no
111,98,98,,no,no,Veronika Erjavec,26,SLO,SLO,707,,-2,Qual. Dubai R1,,,yes
112,105,105,,no,no,Talia Gibson,21,AUS,AUS,700,,+3,Brisbane 2 QF 713 759,,,yes
113,29,29,,no,no,Aliaksandra Sasnovich,31,BLR,BLR,673,,+1,Qual. Dubai R1,Lost in Qual. Doha R1 Lost in Qual. Doha R1 Qual. Dubai R1,,yes
114,NCH (115),114,115,yes,yes,Lilli Tagger,17,AUT,AUT,673,,+1,,,,no
115,91,91,,no,no,Léolia Jeanjean,30,FRA,FRA,672,+2,+11,Pune SF 692 718,,,yes
116,46,46,,no,no,Taylor Townsend,29,USA,USA,668,,-2,,,,no
117,62,62,,no,no,Rebeka Masarova,26,SUI,SUI,660,-4,-18,,Lost in Qual. Doha R1,,no
118,49,49,,no,no,Linda Fruhvirtová,20,CZE,CZE,657,,,,,,no
119,107,107,,no,no,Victoria Jimenez Kasintseva,20,AND,AND,657,,,,Lost in Oeiras R32,,no
120,116,116,,no,no,Tiantsoa Rakotomanga Rajaonah,20,FRA,FRA,649,,,,Lost in Oeiras R32,,no
121,41,41,,no,no,Caroline Dolehide,27,USA,USA,627,,+1,,,,no
122,36,36,,no,no,Yue Yuan,27,CHN,CHN,626,-1,-9,,,,no
123,112,112,,no,no,Maddison Inglis,28,AUS,AUS,607,,+2,,,,no
124,NCH (126),124,126,yes,yes,Lanlana Tararudee,21,THA,THA,605,,+2,,,,no
125,117,117,,no,no,Joanna Garland,24,TWN,TWN,599,-1,-13,,,,no
126,59,59,,no,no,Greet Minnen,28,BEL,BEL,584,+1,-15,,Lost in Oeiras R16,,no
127,94,94,,no,no,Priscilla Hon,27,AUS,AUS,582,+1,+1,Qual. Dubai R1,Lost in Qual. Doha R1 Lost in Qual. Doha R1 Qual. Dubai R1,,yes
128,NCH (129),128,129,yes,yes,Kaitlin Quevedo,19,ESP,ESP,576,+2,+9,,Lost in Oeiras R16,,no
129,121,121,,no,no,Maja Chwalińska,24,POL,POL,571,+5,+18,Oeiras QF 593 669,,,yes
130,105,105,,no,no,Daria Snigur,23,UKR,UKR,567,-7,-47,,,,no
131,122,122,,no,no,Hanne Vandewinkel,21,BEL,BEL,565,+4,+20,Pune SF 585 611,,,yes
132,NCH (137),132,137,yes,yes,Darja Viďmanová,23,CZE,CZE,564,+5,+27,Oeiras QF 586 662,,,yes
133,129,129,,no,no,Linda Klimovičová,21,POL,POL,563,-4,-6,,Lost in Oeiras R32,,no
134,41,41,,no,no,Arantxa Rus,35,NED,NED,560,,-3,,Lost in Grenoble R32,,no
135,132,132,,no,no,Himeno Sakatsume,24,JPN,JPN,556,,-2,,,,no
136,114,114,,no,no,Marina Stakusic,21,CAN,CAN,542,-4,-14,,,,no
137,46,46,,no,no,Lucia Bronzetti,27,ITA,ITA,541,+5,+15,Prague QF 554 600,,,yes
138,137,137,,no,no,Lola Radivojevic,21,SRB,SRB,540,+1,+6,,Lost in Oeiras R16,,no
139,99,99,,no,no,Lucrezia Stefanini,27,ITA,ITA,538,-1,+4,Oeiras R16 550 648,,,yes
140,123,123,,no,no,Leyre Romero Gormaz,23,ESP,ESP,534,+3,+25,Oeiras QF 556 632,,,yes
141,CH,141,,yes,no,Sofia Costoulas,20,BEL,BEL,527,,,,,,no
142,31,31,,no,no,Lin Zhu,32,CHN,CHN,516,+3,+15,Brisbane 2 QF 529 575,,,yes
143,112,112,,no,no,Katarzyna Kawa,33,POL,POL,516,-7,-21,,Lost in Qual. Doha R1,,no
144,54,54,,no,no,Polina Kudermetova,22,UZB,UZB,515,-4,-18,,,,no
145,22,22,,no,no,Tamara Zidanšek,28,SLO,SLO,507,,-1,,,,no
146,22,22,,no,no,Irina-Camelia Begu,35,ROU,ROU,485,,+2,,,,no
147,19,19,,no,no,Varvara Lepchenko,39,USA,USA,483,,+2,**Qual. Oeiras W**,Lost in Oeiras R32,,yes
148,128,128,,no,no,Alina Korneeva,18,RUS,RUS,482,+9,+26,Oeiras QF 504 580,,,yes
149,1,1,,no,no,Victoria Azarenka,36,BLR,BLR,475,-2,-10,,,,no
150,129,129,,no,no,Dominika Šálková,21,CZE,CZE,475,,,,Lost in Oeiras R32 Advertisement,,no
151,134,134,,no,no,Taylah Preston,20,AUS,AUS,474,,+1,Brisbane 2 QF 487 533,,,yes
152,46,46,,no,no,Viktoriya Tomova,30,BUL,BUL,465,,+1,,Lost in Oeiras R32,,no
153,93,93,,no,no,Maria Timofeeva,22,UZB,UZB,463,,+2,,,,no
154,147,147,,no,no,Emerson Jones,17,AUS,AUS,458,+8,+16,Brisbane 2 QF 471 517,,,yes
155,71,71,,no,no,María Carlé,26,ARG,ARG,457,,+1,,,,no
156,150,150,,no,no,Iryna Shymanovich,28,BLR,BLR,451,-2,-12,,Lost in Oeiras R16,,no
157,143,143,,no,no,Despina Papamichail,33,GRE,GRE,451,,+2,,,,no
158,152,152,,no,no,Elvina Kalieva,22,USA,USA,449,-6,-18,,,,no
159,CH,159,,yes,no,Polina Iatcenko,22,RUS,RUS,444,+4,+7,,Lost in Pune R16,,no
160,4,4,,no,no,Bianca Andreescu,25,CAN,CAN,443,,+1,,,,no
161,105,105,,no,no,Whitney Osuigwe,23,USA,USA,440,-1,-4,,,,no
162,104,104,,no,no,Jessika Ponchet,29,FRA,FRA,438,+3,+7,Prague R16 445 504,,,yes
163,142,142,,no,no,Alina Charaeva,23,RUS,RUS,433,,+1,,,,no
164,150,150,,no,no,Nuria Brancaccio,25,ITA,ITA,430,,+2,Antalya 6 QF,,,yes
165,108,108,,no,no,Ekaterine Gorgodze,34,GEO,GEO,418,,+3,,Lost in Qual. Doha R1,,no
166,NCH (168),166,168,yes,yes,Guiomar Maristany,26,ESP,ESP,416,+3,+1,Prague R16 423 482,,,yes
167,97,97,,no,no,Elizabeth Mandlik,24,USA,USA,413,,+4,,,,no
168,70,70,,no,no,Harriet Dart,29,GBR,GBR,409,+10,+15,,Lost in Pune QF,,no
169,NCH (173),169,173,yes,yes,Carol Lee,24,USA,USA,409,,+4,,,,no
170,NCH (171),170,171,yes,yes,Teodora Kostović,18,SRB,SRB,404,,+4,,,,no
171,167,167,,no,no,Anouk Koevermans,22,NED,NED,402,-1,-13,,,,no
172,140,140,,no,no,Tatiana Prozorova,22,RUS,RUS,399,+25,+27,Pune SF 419 445,,,yes
173,58,58,,no,no,Louisa Chirico,29,USA,USA,399,-1,-13,,,,no
174,27,27,,no,no,Bernarda Pera,31,USA,USA,398,,+2,,,,no
175,21,21,,no,no,Jil Teichmann,28,SUI,SUI,396,,+2,,,,no
176,82,82,,no,no,Aoi Ito,21,JPN,JPN,391,-9,-30,,,,no
177,158,158,,no,no,Carole Monnet,24,FRA,FRA,388,,+2,,Lost in Oeiras R32,,no
178,36,36,,no,no,Elina Avanesyan,23,ARM,ARM,387,-20,-64,,Lost in Oeiras R32,,no
179,83,83,,no,no,Olivia Gadecki,23,AUS,AUS,387,,+1,,,,no
180,83,83,,no,no,Anca Todoni,21,ROU,ROU,387,,+1,,,,no
181,170,170,,no,no,Lina Gjorcheska,31,MKD,MKD,387,,+1,,,,no
182,177,177,,no,no,Ye-Xin Ma,26,CHN,CHN,386,+9,+10,Brisbane 2 QF 399 445,,,yes
183,11,11,,no,no,Anastasija Sevastova,35,LAT,LAT,385,,,,,,no
184,155,155,,no,no,Gabriela Knutson,28,CZE,CZE,385,+4,+3,,Lost in Prague R16,,no
185,CH,185,,yes,no,Mary Stoiana,22,USA,USA,383,,,,,,no
186,168,168,,no,no,Hanyu Guo,27,CHN,CHN,382,,,,,,no
187,93,93,,no,no,Julia Riera,23,ARG,ARG,382,,,,,,no
188,187,187,,no,no,Yeon Woo Ku,22,KOR,KOR,380,,+1,,,,no
189,121,121,,no,no,Anastasia Gasanova,26,RUS,RUS,379,-14,-22,,,,no
190,84,84,,no,no,Astra Sharma,30,AUS,AUS,378,,,,,,no
191,25,25,,no,no,Anhelina Kalinina,29,UKR,UKR,374,+8,+5,,Lost in Oeiras R16,,no
192,168,168,,no,no,Elena Pridankina,20,RUS,RUS,374,,,,Lost in Pune R16,,no
193,191,191,,no,no,Lisa Pigato,22,ITA,ITA,374,,,,,,no
194,84,84,,no,no,Kayla Day,26,USA,USA,373,,+1,,,,no
195,173,173,,no,no,Ana Sofía Sánchez,31,MEX,MEX,373,,+1,,,,no
196,56,56,,no,no,Nao Hibino,31,JPN,JPN,372,+8,+14,Brisbane 2 QF 385 431,,,yes
197,195,195,,no,no,Kayla Cross,20,CAN,CAN,372,,+1,,,,no
198,100,100,,no,no,Mananchaya Sawangkaew,23,THA,THA,371,+14,+29,Pune SF 391 417,,,yes
199,191,191,,no,no,Alice Ramé,28,FRA,FRA,368,,+1,,Lost in Prague R32,,no
200,116,116,,no,no,Ena Shibahara,28,JPN,JPN,365,,+1,,Lost in Brisbane 2 R32 Advertisement,,no
201,NCH (202),201,202,yes,yes,Fiona Crawley,24,USA,USA,361,,+1,,Lost in Oeiras R32,,no
202,182,182,,no,no,Cadence Brace,20,CAN,CAN,360,,+1,,,,no
203,23,23,,no,no,Mona Barthel,35,GER,GER,357,+5,+10,Prague QF 370 416,,,yes
204,45,45,,no,no,Anna-Lena Friedsam,32,GER,GER,356,-20,-28,,Lost in Oeiras R32,,no
205,203,203,,no,no,Silvia Ambrosio,29,ITA,ITA,351,,+1,,,,no
206,174,174,,no,no,Andrea Lazáro García,31,ESP,ESP,350,,+1,,,,no
207,176,176,,no,no,Francisca Jorge,25,POR,POR,348,+10,+9,,Lost in Oeiras R16,,no
208,168,168,,no,no,Miriam Bulgaru,27,ROU,ROU,346,,+1,,,,no
209,105,105,,no,no,Marina Bassols Ribera,26,ESP,ESP,344,,+1,,Lost in Grenoble R32,,no
210,97,97,,no,no,Jana Fett,29,CRO,CRO,340,,+4,,,,no
211,97,97,,no,no,Arina Rodionova,36,AUS,AUS,340,+4,+1,,Lost in Qual. Doha R1,,no
212,201,201,,no,no,Laura Samson,17,CZE,CZE,339,,+4,,,,no
213,52,52,,no,no,Claire Liu,25,USA,USA,338,,+5,,,,no
214,100,100,,no,no,Laura Pigossi,31,BRA,BRA,338,,+5,,,,no
215,96,96,,no,no,Chloé Paquet,31,FRA,FRA,334,,+5,,,,no
216,214,214,,no,no,Jazmin Ortenzi,24,ARG,ARG,333,,+5,,,,no
217,43,43,,no,no,Viktória Hrunčáková,27,SVK,SVK,331,-12,-27,,,,no
218,CH,218,,yes,no,Sada Nahimana,24,BDI,BDI,328,+8,+9,Grenoble QF 337 367,,,yes
219,201,201,,no,no,Camilla Rosatello,30,ITA,ITA,328,+5,+5,Grenoble R16 333 372,,,yes
220,105,105,,no,no,Mai Hontama,26,JPN,JPN,326,,+2,,,,no
221,171,171,,no,no,Barbora Palicová,21,CZE,CZE,324,,+2,,Lost in Prague R32,,no
222,20,20,,no,no,Daria Saville,31,AUS,AUS,321,-9,-20,,,,no
223,49,49,,no,no,Xiyu Wang,24,CHN,CHN,315,,+4,,,,no
224,145,145,,no,no,Tara Würth,23,CRO,CRO,311,,+4,,,,no
225,88,88,,no,no,Aliona Bolsova,28,ESP,ESP,310,,+4,,Lost in Oeiras R32,,no
226,153,153,,no,no,Kathinka von Deichmann,31,LIE,LIE,306,,+4,,Lost in Prague R32,,no
227,NCH (233),227,233,yes,yes,Elizara Yaneva,18,BUL,BUL,303,,+6,,,,no
228,90,90,,no,no,Harmony Tan,28,FRA,FRA,302,,+6,,Lost in Grenoble R32,,no
229,165,165,,no,no,Carolina Alves,29,BRA,BRA,302,+2,-4,,,,no
230,114,114,,no,no,Storm Hunter,31,AUS,AUS,299,+21,+20,Qual. Dubai R1,Lost in Qual. Doha R2 Lost in Qual. Doha R2 Qual. Dubai R1,,yes
231,164,164,,no,no,Susan Bandecchi,27,SUI,SUI,296,+1,-7,Prague R16 303 362,,,yes
232,222,222,,no,no,Caroline Werner,29,GER,GER,295,,+4,,Lost in Prague R32,,no
233,NCH (236),233,236,yes,yes,Anna Sisková,24,CZE,CZE,292,+23,+15,Prague QF 305 351,,,yes
234,45,45,,no,no,Nuria Párrizas Díaz,34,ESP,ESP,291,+28,+20,**Qual. Oeiras W**,Lost in Oeiras R16,,yes
235,150,150,,no,no,Sara Saito,19,JPN,JPN,291,+11,+8,,Lost in Brisbane 2 R16,,no
236,203,203,,no,no,Hina Inoue,22,USA,USA,290,,+3,,,,no
237,NCH (250),237,250,yes,yes,Veronika Podrez,19,UKR,UKR,290,+13,+10,Grenoble QF 299 329,,,yes
238,230,230,,no,no,Mingge Xu,18,GBR,GBR,289,,+2,,,,no
239,39,39,,no,no,Fiona Ferro,28,FRA,FRA,288,,+2,,,,no
240,220,220,,no,no,Luisina Giovannini,19,ARG,ARG,288,,+2,Antalya 6 QF,,,yes
241,172,172,,no,no,Carson Branstine,25,CAN,CAN,287,-47,-86,,,,no
242,214,214,,no,no,Angela Fita Boluda,26,ESP,ESP,286,,+1,,Lost in Qual. Oeiras R1,,no
243,NCH (260),243,260,yes,yes,Sohyun Park,23,KOR,KOR,286,+17,+12,,Lost in Pune QF,,no
244,152,152,,no,no,Raluca Șerban,28,CYP,CYP,285,,,,,,no
245,205,205,,no,no,Jessica Pieri,28,ITA,ITA,285,,,,,,no
246,38,38,,no,no,Rebecca Marino,35,CAN,CAN,282,,+1,,,,no
247,196,196,,no,no,Justina Mikulskytė,30,LTU,LTU,280,+6,+2,,Lost in Grenoble R16,,no
248,NCH (249),248,249,yes,yes,Ayana Akli,24,USA,USA,280,,+1,,Lost in Grenoble R32,,no
249,207,207,,no,no,Irene Burillo,28,ESP,ESP,279,,+3,,,,no
250,237,237,,no,no,Amarissa Tóth,23,HUN,HUN,279,-13,-14,,Lost in Antalya 6 R16 Advertisement,,no
251,135,135,,no,no,Arianne Hartono,29,NED,NED,276,,+6,,,,no
252,166,166,,no,no,Xiaodi You,29,CHN,CHN,275,,+6,,,,no
253,176,176,,no,no,Manon Léonard,25,FRA,FRA,274,-15,-18,,Lost in Grenoble R32,,no
254,209,209,,no,no,Eva Vedder,26,NED,NED,274,,-4,,,,no
255,142,142,,no,no,Noma Noha Akugue,22,GER,GER,274,,+4,**Qual. Oeiras W**,Lost in Oeiras R32,,yes
256,151,151,,no,no,Anastasia Tikhonova,25,RUS,RUS,273,,+5,,,,no
257,2,2,,no,no,Ons Jabeur,31,TUN,TUN,272,-111,-215,,,,no
258,169,169,,no,no,Clervie Ngounoue,19,USA,USA,271,-33,-50,,,,no
259,153,153,,no,no,Séléna Janicijevic,23,FRA,FRA,271,-24,-27,,,,no
260,125,125,,no,no,Xinyu Gao,28,CHN,CHN,271,,+3,,,,no
261,221,221,,no,no,Eva Guerrero Álvarez,26,ESP,ESP,271,,+3,,,,no
262,246,246,,no,no,Kajsa Rinaldo Persson,28,SWE,SWE,271,-14,-10,,,,no
263,188,188,,no,no,Julia Avdeeva,23,RUS,RUS,270,-52,-74,,,,no
264,233,233,,no,no,Julie Belgraver,23,FRA,FRA,269,,+2,,Lost in Grenoble R32,,no
265,1,1,,no,no,Karolína Plíšková,33,CZE,CZE,267,+153,+120,,Lost in Doha R16,,no
266,197,197,,no,no,Anastasiya Soboleva,21,UKR,UKR,266,,+1,,Lost in Prague R32,,no
267,136,136,,no,no,Katherine Sebov,27,CAN,CAN,265,,+1,,,,no
268,121,121,,no,no,Celine Naef,20,SUI,SUI,262,+4,+10,Grenoble QF 271 301,,,yes
269,118,118,,no,no,Katie Swan,26,GBR,GBR,260,,,,,,no
270,206,206,,no,no,Tyra Grant,17,ITA,ITA,257,+4,+10,Grenoble QF 266 296,,,yes
271,132,132,,no,no,Yuriko Miyazaki,30,GBR,GBR,254,-6,-16,,,,no
272,266,266,,no,no,Mia Ristić,19,SRB,SRB,254,,-2,,Lost in Grenoble R16,,no
273,119,119,,no,no,Lizette Cabrera,28,AUS,AUS,253,,-2,,Lost in Brisbane 2 R32,,no
274,212,212,,no,no,Matilde Jorge,21,POR,POR,251,+13,+21,Oeiras QF 273 349,,,yes
275,272,272,,no,no,Dalila Spiteri,28,ITA,ITA,249,,-2,,,,no
276,196,196,,no,no,Lucie Havlíčková,20,CZE,CZE,246,,+1,,Lost in Prague R32,,no
277,CH,277,,yes,no,Fangran Tian,22,CHN,CHN,243,,,,Lost in Pune R32,,no
278,38,38,,no,no,Heather Watson,33,GBR,GBR,241,,,,,,no
279,189,189,,no,no,Katharina Hobgarski,28,GER,GER,241,,,,,,no
280,274,274,,no,no,Mika Stojsavljevic,17,GBR,GBR,239,-5,-8,,,,no
281,139,139,,no,no,Tessah Andrianjafitrimo,27,FRA,FRA,237,,,,,,no
282,149,149,,no,no,Katrina Scott,21,USA,USA,237,,,,,,no
283,NCH (289),283,289,yes,yes,Hiromi Abe,25,JPN,JPN,237,+10,+14,Brisbane 2 QF 250 296,,,yes
284,230,230,,no,no,Anna Rogers,27,USA,USA,236,-29,-42,,,,no
285,242,242,,no,no,Mei Yamaguchi,26,JPN,JPN,235,,-2,,Lost in Pune R32,,no
286,NCH (289),286,289,yes,yes,Vendula Valdmannová,18,CZE,CZE,235,+3,+9,,Lost in Prague R16,,no
287,280,280,,no,no,Carolyn Ansari,25,USA,USA,235,-7,-6,,Lost in Monastir 6 R16 Lost in Qual. Oeiras R2,,no
288,224,224,,no,no,Wakana Sonobe,18,JPN,JPN,232,,-4,,,,no
289,285,285,,no,no,Tessa Johanna Brockmann,20,GER,GER,232,,-4,,,,no
290,288,288,,no,no,Samira de Stefano,21,ITA,ITA,230,,-2,,,,no
291,31,31,,no,no,Zarina Diyas,32,KAZ,KAZ,225,,-1,,,,no
292,95,95,,no,no,Robin Montgomery,21,USA,USA,224,,-1,,,,no
293,288,288,,no,no,Anouck Vrancken Peeters,22,NED,NED,224,,-1,,,,no
294,243,243,,no,no,Anastasia Zolotareva,24,RUS,RUS,223,+11,+15,**Antalya 5 W**,Lost in Antalya 6 R32,,yes
295,263,263,,no,no,Lia Karatancheva,22,BUL,BUL,221,,-1,,,,no
296,NCH (306),296,306,yes,yes,Jeline Vandromme,18,BEL,BEL,219,+10,+11,Grenoble QF 228 258,,,yes
297,178,178,,no,no,Kyōka Okamura,30,JPN,JPN,216,,-2,,,,no
298,293,293,,no,no,Rina Saigo,25,JPN,JPN,216,,-2,,Lost in Pune R32,,no
299,226,226,,no,no,Ekaterina Reyngold,24,RUS,RUS,215,,-2,,,,no
300,295,295,,no,no,Elena Ruxandra Bertea,19,ROU,ROU,215,,-2,,Lost in Grenoble R32,,no
301,213,213,,no,no,Haruka Kaji,31,JPN,JPN,214,,-1,,,,no
302,61,61,,no,no,Jule Niemeier,26,GER,GER,213,-3,-1,,Lost in Prague R32,,no
303,217,217,,no,no,Renata Jamrichová,18,SVK,SVK,212,,-2,,,,no
304,214,214,,no,no,Ayla Aksu,29,TUR,TUR,210,,-1,,,,no
305,293,293,,no,no,Dayeon Back,24,KOR,KOR,209,,-1,,Lost in Pune R32,,no
306,NCH (307),306,307,yes,yes,Laura Hietaranta,22,FIN,FIN,208,,+1,,Lost in Sheffield R32,,no
307,282,282,,no,no,Akasha Urhobo,19,USA,USA,207,,+1,,,,no
308,301,301,,no,no,Alicia Herrero Liñana,27,ESP,ESP,207,,+1,,,,no
309,221,221,,no,no,Gabriela Cé,32,BRA,BRA,207,,+1,,Lost in Grenoble R32,,no
310,103,103,,no,no,Katarina Zavatska,26,UKR,UKR,207,,+1,,,,no
311,158,158,,no,no,Lea Bošković,26,CRO,CRO,206,,+1,,,,no
312,307,307,,no,no,Katarina Jokić,27,SRB,SRB,206,,+1,,,,no
313,299,299,,no,no,Eunhye Lee,25,KOR,KOR,205,,+1,,Lost in Grenoble R32,,no
314,35,35,,no,no,Polona Hercog,35,SLO,SLO,204,,+1,Antalya 6 QF,,,yes
315,312,312,,no,no,Jennifer Ruggeri,22,ITA,ITA,202,,+2,Antalya 6 QF,,,yes
316,211,211,,no,no,Margaux Rouvroy,24,FRA,FRA,201,,+2,,,,no
317,CH,317,,yes,no,Tiphanie Lemaître,25,FRA,FRA,201,,+2,,Lost in Grenoble R32,,no
318,313,313,,no,no,Vivian Wolff,27,USA,USA,201,-2,-2,,,,no
319,147,147,,no,no,Destanee Aiava,25,AUS,AUS,200,,+2,,,,no
320,250,250,,no,no,Julie Štruplová,21,CZE,CZE,200,,+2,,,,no
321,275,275,,no,no,Alevtina Ibragimova,21,RUS,RUS,199,,+2,,,,no
322,204,204,,no,no,Sakura Hosogi,25,JPN,JPN,199,,+2,,,,no
323,213,213,,no,no,Valentina Ryser,24,SUI,SUI,198,-21,-12,,Lost in Sheffield R16,,no
324,321,321,,no,no,Daria Khomutsianskaya,21,BLR,BLR,198,,+1,,,,no
325,292,292,,no,no,Aurora Zantedeschi,25,ITA,ITA,197,,+1,Antalya 6 QF,,,yes
326,NCH (327),326,327,yes,yes,Lea Ma,25,USA,USA,197,,+1,,,,no
327,NCH (340),327,340,yes,yes,Miho Kuramochi,27,JPN,JPN,196,+13,+10,Brisbane 2 QF 209 255,,,yes
328,NCH (343),328,343,yes,yes,Viktória Morvayová,24,SVK,SVK,195,+23,+13,,Lost in Pune QF,,no
329,286,286,,no,no,Alisa Oktiabreva,17,RUS,RUS,195,-43,-36,,,,no
330,200,200,,no,no,Han Shi,20,CHN,CHN,192,,,,Lost in Monastir 7 R16,,no
331,NCH (344),331,344,yes,yes,Katarína Kuzmová,24,SVK,SVK,192,+35,+20,**Sheffield W**,Lost in Prague R32,,yes
332,235,235,,no,no,Amarni Banks,23,GBR,GBR,191,,-1,,,,no
333,131,131,,no,no,Carol Zhao,30,CAN,CAN,190,,-1,,,,no
334,CH,334,,yes,no,Yidi Yang,26,CHN,CHN,190,,+2,,Lost in Grenoble R16,,no
335,299,299,,no,no,Francesca Curmi,23,MLT,MLT,190,+12,+7,,Lost in Pune R16,,no
336,266,266,,no,no,Tina Smith,23,AUS,AUS,189,,-3,,,,no
337,308,308,,no,no,Victoria Bosio,31,ARG,ARG,188,,-2,,,,no
338,305,305,,no,no,Martyna Kubka,24,POL,POL,188,,-2,,Lost in Prague R32,,no
339,330,330,,no,no,Francesca Pace,20,ITA,ITA,188,,-2,,Lost in Sheffield R32,,no
340,133,133,,no,no,Isabella Shinikova,34,BUL,BUL,187,,-2,,Lost in Sharm El Sheikh 2 R32 Lost in Qual. Oeiras R1,,no
341,169,169,,no,no,Han-na Chang,27,USA,USA,186,,-2,,,,no
342,81,81,,no,no,Nina Stojanović,29,SRB,SRB,185,,-1,,,,no
343,290,290,,no,no,Ariana Geerlings,20,ESP,ESP,185,,-1,,,,no
344,315,315,,no,no,Alexandra Shubladze,20,RUS,RUS,185,,-1,Antalya 6 QF,,,yes
345,14,14,,no,no,Petra Martić,35,CRO,CRO,183,,-1,,,,no
346,345,345,,no,no,Mia Pohánková,17,SVK,SVK,183,,-1,,,,no
347,322,322,,no,no,Elena Malygina,25,EST,EST,183,,-1,,,,no
348,CH,348,,yes,no,Eryn Cayetano,24,USA,USA,183,,,,,,no
349,317,317,,no,no,Julieta Pareja,16,USA,USA,182,,,,,,no
350,340,340,,no,no,Monika Ekstrand,18,USA,USA,182,,,,,,no
351,136,136,,no,no,Gabriela Lee,30,ROU,ROU,182,,+1,,,,no
352,338,338,,no,no,Natalija Senić,23,SRB,SRB,182,,+1,,Lost in Antalya 6 R16,,no
353,NCH (362),353,362,yes,yes,Hibah Shaikh,23,USA,USA,181,+11,+8,,Lost in Pune R16,,no
354,47,47,,no,no,Yafan Wang,31,CHN,CHN,180,,,,,,no
355,173,173,,no,no,Aliona Falei,21,BLR,BLR,180,,,,,,no
356,2,2,,no,no,Vera Zvonareva,41,RUS,RUS,178,+95,+224,Qual. Dubai R1**Qual. Doha W**,Lost in Doha R32,,yes
357,114,114,,no,no,Sijia Wei,22,CHN,CHN,178,,-1,,,,no
358,203,203,,no,no,Carlota Martinez Cirez,24,ESP,ESP,177,,-1,,Lost in Antalya 6 R32,,no
359,150,150,,no,no,En-shuo Liang,25,TWN,TWN,177,,+3,,Lost in Qual. Oeiras R2 Lost in Oeiras R32,,no
360,NCH (374),360,374,yes,yes,Yasmine Kabbaj,22,MAR,MAR,177,+14,+10,**Qual. Pune W**,Lost in Pune R16,,yes
361,65,65,,no,no,Erika Andreeva,21,RUS,RUS,175,-33,-19,,Lost in Pune R32,,no
362,NCH (368),362,368,yes,yes,Eva Bennemann,18,GER,GER,175,+6,+4,,Lost in Sheffield R16,,no
363,196,196,,no,no,Kristina Dmitruk,22,BLR,BLR,174,,-5,,,,no
364,143,143,,no,no,Nastasja Schunk,22,GER,GER,174,,-4,,,,no
365,320,320,,no,no,Jenny Duerst,26,SUI,SUI,174,,-4,,,,no
366,183,183,,no,no,Giorgia Pedone,21,ITA,ITA,173,,-4,,Lost in Antalya 6 R32,,no
367,363,363,,no,no,Haley Giavara,25,USA,USA,173,,-4,,,,no
368,82,82,,no,no,Emina Bektas,32,USA,USA,172,,-3,,,,no
369,149,149,,no,no,Martina Capurro Taborda,28,ARG,ARG,171,,-2,,,,no
370,305,305,,no,no,Martha Matoula,28,GRE,GRE,170,,-1,,,,no
371,40,40,,no,no,Tereza Martincová,31,CZE,CZE,169,+42,+19,Prague QF**Qual. Prague W**182 228,,,yes
372,237,237,,no,no,Wushuang Zheng,27,CHN,CHN,169,,-2,,,,no
373,359,359,,no,no,Ane Mintegi Del Olmo,22,ESP,ESP,169,,-2,,Lost in Antalya 6 R16,,no
374,372,372,,no,no,Amandine Monnot,24,FRA,FRA,168,,-2,,,,no
375,347,347,,no,no,Elena Micic,21,AUS,AUS,167,,-2,,Lost in Brisbane 2 R32,,no
376,60,60,,no,no,Çağla Büyükakçay,36,TUR,TUR,167,,-1,,,,no
377,283,283,,no,no,Caijsa Hennemann,24,SWE,SWE,167,,+1,,Lost in Prague R32,,no
378,296,296,,no,no,Eri Shimizu,27,JPN,JPN,166,+15,+6,,Lost in Pune R16,,no
379,83,83,,no,no,Zhuoxuan Bai,23,CHN,CHN,165,,-1,,,,no
380,181,181,,no,no,Darya Astakhova,24,RUS,RUS,165,,-1,,Lost in Antalya 6 R32,,no
381,365,365,,no,no,Lucciana Perez Alarcon,20,PER,PER,165,,-1,,,,no
382,376,376,,no,no,Alina Granwehr,22,SUI,SUI,165,,-1,,,,no
383,322,322,,no,no,Tatiana Pieri,26,ITA,ITA,164,,,,,,no
384,310,310,,no,no,Miriana Tona,31,ITA,ITA,164,,,,Lost in Prague R32,,no
385,69,69,,no,no,Dalila Jakupović,34,SLO,SLO,164,+4,+3,**Qual. Oeiras W**,Lost in Oeiras R32,,yes
386,104,104,,no,no,Irina Bara,30,ROU,ROU,162,-10,-4,,,,no
387,353,353,,no,no,Kira Pavlova,21,RUS,RUS,162,,-1,,,,no
388,151,151,,no,no,Mariam Bolkvadze,28,GEO,GEO,161,-59,-32,,,,no
389,365,365,,no,no,Diletta Cherubini,23,ITA,ITA,161,,-2,,Lost in Pune R32,,no
390,292,292,,no,no,Zhibek Kulambayeva,25,KAZ,KAZ,161,,-2,,,,no
391,199,199,,no,no,Naiktha Bains,28,GBR,GBR,161,+14,+6,,Lost in Sheffield R16 Lost in Qual. Oeiras R2,,no
392,343,343,,no,no,Saki Imamura,23,JPN,JPN,161,,-2,,,,no
393,342,342,,no,no,Sandra Samir,28,EGY,EGY,161,,-2,Sharm El Sheikh 3 QF,Lost in Sharm El Sheikh 2 R16,,yes
394,280,280,,no,no,Ekaterina Kazionova,27,RUS,RUS,160,+6,+4,**Qual. Grenoble W**,Lost in Grenoble R16,,yes
395,262,262,,no,no,Victoria Hu,23,USA,USA,160,,-3,,,,no
396,357,357,,no,no,Denislava Glushkova,22,BUL,BUL,160,-14,-5,,Lost in Antalya 6 R32,,no
397,348,348,,no,no,Ikumi Yamazaki,24,JPN,JPN,159,,-3,,,,no
398,357,357,,no,no,Cristina Diaz Adrover,20,ESP,ESP,158,,-3,,Lost in Manacor R32,,no
399,85,85,,no,no,Jodie Burrage,26,GBR,GBR,156,,-1,,,,no
400,35,35,,no,no,Madison Brengle,35,USA,USA,156,,-1,,,,no
401,NCH (402),401,402,yes,yes,Angelina Voloshchuk,18,POR,POR,156,+1,+1,,Lost in Oeiras R32,,no
402,154,154,,no,no,Amandine Hesse,33,FRA,FRA,155,,-1,,,,no
403,175,175,,no,no,Ayano Shimizu,27,JPN,JPN,155,,,,,,no
404,210,210,,no,no,Gergana Topalova,25,BUL,BUL,155,,,,Lost in Antalya 6 R32,,no
405,231,231,,no,no,Valeriya Strakhova,30,UKR,UKR,154,,+2,,,,no
406,314,314,,no,no,Yasmine Mansouri,24,FRA,FRA,154,-9,-3,,Lost in Qual. Oeiras R1,,no
407,186,186,,no,no,Sofia Shapatava,37,GEO,GEO,153,,+2,,Lost in Antalya 5 R16 Lost in Antalya 6 R32,,no
408,399,399,,no,no,Vittoria Paganetti,19,ITA,ITA,152,,+2,,Lost in Sheffield R32,,no
409,355,355,,no,no,Alexis Blokhina,21,USA,USA,152,-24,-10,,,,no
410,351,351,,no,no,Astrid Lew Yan Foon,20,FRA,FRA,151,+4,+1,**Qual. Grenoble W**,Lost in Grenoble R32,,yes
411,253,253,,no,no,Sapfo Sakellaridi,22,GRE,GRE,151,,+1,Monastir 7 QF,Lost in Monastir 6 R32,,yes
412,371,371,,no,no,Antonia Schmidt,24,GER,GER,151,-16,-7,,,,no
413,347,347,,no,no,Martina Colmegna,29,ITA,ITA,149,-5,-4,,Lost in Antalya 6 R32,,no
414,392,392,,no,no,Weronika Ewald,19,POL,POL,149,,+3,,Lost in Qual. Grenoble R2,,no
415,56,56,,no,no,Patricia Maria Țig,31,ROU,ROU,148,,-1,,,,no
416,284,284,,no,no,Sahaja Yamalapalli,25,IND,IND,148,+12,+8,,Lost in Pune R16,,no
417,NCH (429),417,429,yes,yes,Hayu Kinoshita,19,JPN,JPN,148,+12,+8,,Lost in Brisbane 2 R16,,no
418,216,216,,no,no,Victoria Rodríguez,30,MEX,MEX,147,,+1,,,,no
419,293,293,,no,no,Zongyu Li,22,CHN,CHN,146,-3,-3,,,,no
420,200,200,,no,no,Sofya Lansere,25,RUS,RUS,146,,,,,,no
421,372,372,,no,no,Martina Okáľová,28,SVK,SVK,145,,,,,,no
422,395,395,,no,no,Zuzanna Pawlikowska,20,POL,POL,145,+1,+2,**Qual. Pune W**,Lost in Pune R32,,yes
423,250,250,,no,no,Nicole Fossa Huergo,30,ARG,ARG,144,,-1,,,,no
424,110,110,,no,no,Ylena In-Albon,26,SUI,SUI,144,-13,-7,,Lost in Qual. Oeiras R1,,no
425,347,347,,no,no,Emily Appleton,26,GBR,GBR,143,-19,-11,,Lost in Qual. Oeiras R1,,no
426,296,296,,no,no,Aneta Kučmová,25,CZE,CZE,143,+18,+12,**Qual. Prague W**,Lost in Prague R16,,yes
427,226,226,,no,no,Momoko Kobori,27,JPN,JPN,142,,-2,,,,no
428,265,265,,no,no,Priska Nugroho,22,INA,INA,140,,-1,,Lost in Pune R32,,no
429,190,190,,no,no,Maria Mateas,26,USA,USA,139,,+1,,,,no
430,291,291,,no,no,Alana Smith,26,USA,USA,138,,+1,,,,no
431,162,162,,no,no,Jiajing Lu,36,CHN,CHN,138,-5,-3,Monastir 7 QF,,,yes
432,396,396,,no,no,Antonia Vergara Rivera,19,CHI,CHI,138,,,,Lost in Antalya 6 R16,,no
433,254,254,,no,no,Misaki Matsuda,27,JPN,JPN,138,+1,+2,,Lost in Qual. Pune R2,,no
434,433,433,,no,no,Kristiana Sidorova,19,RUS,RUS,137,,-1,,Lost in Qual. Pune R2,,no
435,219,219,,no,no,Alice Tubello,25,FRA,FRA,136,,+1,,Lost in Grenoble R32,,no
436,CH,436,,yes,no,Lamis Alhussein Abdel Aziz,27,EGY,EGY,136,+4,+3,Sharm El Sheikh 3 QF,Lost in Sharm El Sheikh 2 SF,,yes
437,4,4,,no,no,Caroline Garcia,32,FRA,FRA,135,-65,-117,,,,no
438,379,379,,no,no,Federica Urgesi,21,ITA,ITA,135,+25,+14,,Lost in Sheffield QF **Qual. Grenoble W** Lost in Grenoble R16,,no
439,392,392,,no,no,Amelia Rajecki,23,GBR,GBR,135,+35,+21,,Lost in Sheffield F,,no
440,431,431,,no,no,Alicia Dudeney,22,GBR,GBR,135,,-4,,Lost in Sheffield R32,,no
441,304,304,,no,no,Andreea Prisăcariu,26,ROU,ROU,133,,-3,,Lost in Antalya 6 R32,,no
442,430,430,,no,no,Victoria Allen,24,GBR,GBR,133,,-3,,Lost in Sheffield R32,,no
443,400,400,,no,no,Anastasia Abbagnato,22,ITA,ITA,132,,-2,,,,no
444,421,421,,no,no,Patcharin Cheapchandej,31,THA,THA,132,,-2,,,,no
445,435,435,,no,no,Aunchisa Chanta,23,THA,THA,132,,-2,,,,no
446,430,430,,no,no,Yufei Ren,19,CHN,CHN,129,+3,+2,Sharm El Sheikh 3 QF,Lost in Sharm El Sheikh 2 QF,,yes
447,144,144,,no,no,Leonie Küng,25,SUI,SUI,128,,+1,,,,no
448,157,157,,no,no,Lucija Ćirić Bagarić,22,CRO,CRO,128,+7,+3,,Lost in Sheffield R32 Lost in Qual. Oeiras R2,,no
449,361,361,,no,no,Stephanie Visscher,26,NED,NED,127,-4,-4,,Lost in Sheffield R32,,no
450,442,442,,no,no,Jasmijn Gimbrère,24,NED,NED,127,+3,+1,,Lost in Qual. Pune R2,,no
451,32,32,,no,no,Sara Sorribes Tormo,29,ESP,ESP,126,+3,+1,,Lost in Qual. Oeiras R1,,no
452,158,158,,no,no,Ekaterina Makarova,29,RUS,RUS,126,-6,-4,,,,no
453,379,379,,no,no,Thaisa Grana Pedretti,26,BRA,BRA,126,,-2,,,,no
454,266,266,,no,no,Mariia Tkacheva,24,RUS,RUS,126,,-2,,,,no
455,200,200,,no,no,Tena Lukas,30,CRO,CRO,126,-8,-3,**Qual. Antalya 6 W**,Lost in Antalya 6 R16,,yes
456,445,445,,no,no,Britt Du Pree,19,NED,NED,125,-6,-2,,,,no
457,418,418,,no,no,Julia Adams,26,USA,USA,125,,-1,,Lost in Monastir 6 R16 Lost in Monastir 7 R32,,no
458,414,414,,no,no,Angella Okutoyi,22,KEN,KEN,124,,-1,,,,no
459,346,346,,no,no,Natsumi Kawaguchi,23,JPN,JPN,124,,-1,,Lost in Brisbane 2 R32,,no
460,421,421,,no,no,Ranah Stoiber,20,GBR,GBR,123,,-1,,Lost in Sheffield R32,,no
461,455,455,,no,no,Mell Reasco González,23,ECU,ECU,123,,-1,,,,no
462,437,437,,no,no,Fernanda Labrana,26,CHI,CHI,123,,-1,,,,no
463,26,26,,no,no,Lauren Davis,32,USA,USA,121,-39,-21,,,,no
464,363,363,,no,no,Nahia Berecoechea,21,FRA,FRA,121,+2,+1,Grenoble R16 126 165,,,yes
465,442,442,,no,no,Emily Seibold,26,GER,GER,121,,-1,,,,no
466,395,395,,no,no,Lisa Zaar,25,SWE,SWE,120,,+2,,,,no
467,294,294,,no,no,Madison Sieg,22,USA,USA,119,-30,-14,,,,no
468,205,205,,no,no,Xinxin Yao,22,CHN,CHN,118,+37,+12,Grenoble QF**Qual. Grenoble W**127 157,,,yes
469,397,397,,no,no,Mathilde Lollia,25,FRA,FRA,118,,+1,,Lost in Qual. Grenoble R1,,no
470,143,143,,no,no,Valentini Grammatikopoulou,29,GRE,GRE,118,-1,-2,,,,no
471,404,404,,no,no,Mina Hodzic,23,GER,GER,117,,,,,,no
472,434,434,,no,no,Meiqi Guo,26,CHN,CHN,117,-7,-3,,,,no
473,169,169,,no,no,Yuki Naito,24,JPN,JPN,117,+24,+8,,Lost in Brisbane 2 R16,,no
474,355,355,,no,no,Vaidehi Chaudhari,25,IND,IND,116,-1,+1,,Lost in Pune R32,,no
475,427,427,,no,no,Ariana Arseneault,23,CAN,CAN,114,+54,+15,,Lost in Sheffield R16 **Qual. Prague W** Lost in Prague R16,,no
476,473,473,,no,no,Carla Markus,19,ARG,ARG,114,,-1,,,,no
477,474,474,,no,no,Luca Udvardy,20,HUN,HUN,114,,-1,,,,no
478,477,477,,no,no,Maria Martinez Vaquero,24,ESP,ESP,114,,-1,,,,no
479,190,190,,no,no,Berfu Cengiz,26,TUR,TUR,113,+9,+2,,Lost in Qual. Doha R1,,no
480,403,403,,no,no,Ruth Roura Llaverias,20,ESP,ESP,113,,-2,,,,no
481,352,352,,no,no,Ella Mcdonald,20,GBR,GBR,113,,-2,,,,no
482,481,481,,no,no,Isis Louise van Den Broek,20,NED,NED,113,,-1,,,,no
483,317,317,,no,no,Ilinca Amariei,23,ROU,ROU,113,,-1,,,,no
484,127,127,,no,no,Fangzhou Liu,30,CHN,CHN,113,,-1,,,,no
485,137,137,,no,no,Robin Anderson,32,USA,USA,113,,-1,,,,no
486,367,367,,no,no,Ayumi Koshiishi,25,JPN,JPN,112,,,,,,no
487,353,353,,no,no,Mayu Crossley,19,JPN,JPN,112,,,,,,no
488,464,464,,no,no,Varvara Panshina,20,RUS,RUS,112,-16,-4,,Lost in Qual. Pune R2,,no
489,486,486,,no,no,Tahlia Kokkinis,17,AUS,AUS,111,,,,,,no
490,466,466,,no,no,Ema Burgić Bucko,33,BIH,BIH,111,,,,,,no
491,479,479,,no,no,Sara Dols,20,ESP,ESP,111,,,,,,no
492,240,240,,no,no,Weronika Falkowska,25,POL,POL,110,+48,+14,Monastir 7 QF**Monastir 6 W**,,,yes
493,465,465,,no,no,Ekaterina Khayrutdinova,21,RUS,RUS,110,,-1,,,,no
494,456,456,,no,no,Alessandra Mazzola,26,ITA,ITA,109,,+1,,,,no
495,456,456,,no,no,Maria Urrutia,24,ARG,ARG,109,,+1,,,,no
496,403,403,,no,no,Radka Zelníčková,22,SVK,SVK,109,-29,-11,Monastir 7 QF,Lost in Monastir 6 R16,,yes
497,475,475,,no,no,Marie Vogt,21,GER,GER,109,-4,-1,,Lost in Sheffield R32 Lost in Qual. Prague R2,,no
498,497,497,,no,no,Yelyzaveta Kotliar,19,UKR,UKR,108,+19,+5,Antalya 6 QF,Lost in Antalya 5 SF **Qual. Antalya 6 W**,,yes
499,485,485,,no,no,Jiaqi Wang,23,CHN,CHN,108,,-1,Monastir 7 QF,Lost in Monastir 6 R16,,yes
500,499,499,,no,no,Ena Koike,19,JPN,JPN,108,,-1,,,,no
501,448,448,,no,no,Camilla Zanolini,22,ITA,ITA,108,,-1,,Lost in Sharm El Sheikh 2 R32,,no
502,482,482,,no,no,Josy Daems,19,GER,GER,108,,-1,,Lost in Sheffield R32,,no
503,179,179,,no,no,Anastasia Kulikova,25,FIN,FIN,107,-9,-2,,,,no
504,413,413,,no,no,Joelle Steur,21,GER,GER,107,-42,-15,,,,no
505,221,221,,no,no,Shiho Akita,36,JPN,JPN,107,,-3,,,,no
506,427,427,,no,no,Anja Stanković,20,SRB,SRB,107,,-3,,,,no
507,380,380,,no,no,Oana Georgeta Simion,29,ROU,ROU,107,,-3,,,,no
508,453,453,,no,no,Yaroslava Bartashevich,20,FRA,FRA,106,,-2,,Lost in Grenoble R32,,no
509,435,435,,no,no,Jenny Lim,21,FRA,FRA,106,+1,+2,,Lost in Monastir 6 QF,,no
510,440,440,,no,no,Noemi Basiletti,19,ITA,ITA,106,,-3,,Lost in Qual. Grenoble R2,,no
511,503,503,,no,no,Sarah van Emst,21,NED,NED,106,,-2,,,,no
512,356,356,,no,no,Ying Zhang,29,CHN,CHN,105,+26,+8,,Lost in Brisbane 2 R16,,no
513,466,466,,no,no,Alice Gillan,27,GBR,GBR,105,-5,-1,,Lost in Sheffield R32 Lost in Manacor R32,,no
514,296,296,,no,no,Daria Lodikova,29,RUS,RUS,104,+9,+3,,Lost in Antalya 5 QF Lost in Qual. Antalya 6 R2,,no
515,331,331,,no,no,Georgia Crăciun,26,ROU,ROU,104,,-3,,,,no
516,NCH (540),516,540,yes,yes,Jana Kovačková,15,CZE,CZE,104,+48,+16,Prague QF 117 163,,,yes
517,405,405,,no,no,Pia Lovrič,23,SLO,SLO,104,,-4,,,,no
518,NCH (534),518,534,yes,yes,Maria Teixido Garcia,25,ESP,ESP,104,+31,+10,Manacor R16,Lost in Monastir 6 F,,yes
519,514,514,,no,no,Sofia Cabezas Dominguez,24,VEN,VEN,104,,-5,,,,no
520,515,515,,no,no,Lidia Encheva,19,BUL,BUL,104,,-5,,Lost in Qual. Prague R2,,no
521,342,342,,no,no,Maria Kozyreva,26,RUS,RUS,103,,-5,,,,no
522,516,516,,no,no,Gina Dittmann,23,GER,GER,103,,-4,,Lost in Manacor R32,,no
523,163,163,,no,no,İpek Öz,26,TUR,TUR,102,+3,+2,,Lost in Sheffield R16 Lost in Qual. Prague R2,,no
524,395,395,,no,no,Maria Sara Popa,20,ROU,ROU,102,,-4,,,,no
525,494,494,,no,no,Anna Hertel,25,POL,POL,102,,-4,,Lost in Monastir 6 R16,,no
526,188,188,,no,no,Sayaka Ishii,20,JPN,JPN,101,,-4,,,,no
527,410,410,,no,no,Ekaterina Ovcharenko,25,RUS,RUS,101,-8,-1,,,,no
528,366,366,,no,no,Ekaterina Maklakova,21,RUS,RUS,101,+6,+3,**Qual. Pune W**,Lost in Pune R32,,yes
529,463,463,,no,no,Rasheeda Mcadoo,30,USA,USA,101,,-5,,,,no
530,523,523,,no,no,Mio Mushika,20,JPN,JPN,101,,-5,,,,no
531,513,513,,no,no,Arianna Zucchini,22,ITA,ITA,100,+1,+2,,Lost in Monastir 6 QF Lost in Monastir 7 R16,,no
532,456,456,,no,no,Ana Candiotto,21,BRA,BRA,100,,-5,,Lost in Qual. Grenoble R1,,no
533,515,515,,no,no,Julie Paštiková,17,CZE,CZE,100,-3,+1,,Lost in Prague R32,,no
534,479,479,,no,no,Rada Zolotareva,17,RUS,RUS,100,,-6,Antalya 6 QF**Qual. Antalya 6 W**,,,yes
535,485,485,,no,no,Boyoung Jeong,22,KOR,KOR,99,+23,+9,,Lost in Brisbane 2 R16,,no
536,489,489,,no,no,Eva Voracek,26,GER,GER,99,,-5,,Lost in Antalya 5 R16 **Qual. Antalya 6 W** Lost in Antalya 6 R16,,no
537,532,532,,no,no,Alana Subasic,18,AUS,AUS,98,,-4,,Lost in Brisbane 2 R32,,no
538,143,143,,no,no,Deborah Chiesa,29,ITA,ITA,98,-1,+1,,Lost in Qual. Grenoble R2,,no
539,424,424,,no,no,Sara Daavettila,28,USA,USA,98,-54,-15,,,,no
540,523,523,,no,no,Jaeda Daniel,26,USA,USA,98,,-5,,,,no
541,2,2,,no,no,Petra Kvitová,35,CZE,CZE,97,,-5,,,,no
542,300,300,,no,no,Shrivalli Bhamidipaty,24,IND,IND,96,+27,+9,,Lost in Pune R16,,no
543,491,491,,no,no,Jessica Bertoldo,33,ITA,ITA,96,,-2,,Lost in Antalya 5 R32 **Qual. Antalya 6 W** Lost in Antalya 6 R16,,no
544,352,352,,no,no,Haruna Arakawa,26,JPN,JPN,96,,-2,,,,no
545,503,503,,no,no,Katerina Tsygourova,25,SUI,SUI,96,-6,-1,**Qual. Prague W**,Lost in Prague R32,,yes
546,457,457,,no,no,Arina Bulatova,19,RUS,RUS,96,,-3,,Lost in Qual. Antalya 6 R3,,no
547,71,71,,no,no,Vitalia Diatchenko,35,RUS,RUS,95,,-2,,,,no
548,328,328,,no,no,Lian Tran,23,NED,NED,95,-68,-18,,,,no
549,461,461,,no,no,Luiza Fullana,24,BRA,BRA,95,,-3,,Lost in Qual. Sheffield R1 Lost in Qual. Grenoble R1,,no
550,510,510,,no,no,Hannah Klugman,16,GBR,GBR,94,+40,+14,Grenoble R16,Lost in Sheffield QF 99 138,,yes
551,389,389,,no,no,Malaika Rapolu,22,USA,USA,94,,-4,,,,no
552,29,29,,no,no,Urszula Radwańska,35,POL,POL,94,,-4,,Lost in Qual. Grenoble R2,,no
553,339,339,,no,no,Diana Martynov,24,FRA,FRA,93,,-3,,Lost in Qual. Grenoble R1,,no
554,317,317,,no,no,Ashley Lahey,26,USA,USA,93,,-3,,,,no
555,1,1,,no,no,Venus Williams,45,USA,USA,92,,-3,,,,no
556,300,300,,no,no,Émeline Dartron,25,FRA,FRA,92,-45,-12,,,,no
557,527,527,,no,no,Draginja Vuković,25,SRB,SRB,92,,-4,,,,no
558,551,551,,no,no,Laura Mair,23,ITA,ITA,92,,-4,Manacor R16,,,yes
559,CH,559,,yes,no,Isabella Serban,19,ITA,ITA,92,+4,+3,**Qual. Prague W**,Lost in Prague R32,,yes
560,284,284,,no,no,Sara Cakarevic,28,FRA,FRA,91,+1,+2,**Qual. Grenoble W**,Lost in Grenoble R32,,yes
561,359,359,,no,no,Ksenia Zaytseva,21,RUS,RUS,91,,-6,,,,no
562,513,513,,no,no,Daria Egorova,18,RUS,RUS,91,,-6,,,,no
563,132,132,,no,no,Jamie Loeb,30,USA,USA,90,,-6,,,,no
564,114,114,,no,no,Erika Sema,37,JPN,JPN,90,+24,+9,,Lost in Brisbane 2 R16,,no
565,190,190,,no,no,Shilin Xu,28,CHN,CHN,90,,-6,,,,no
566,NCH (606),566,606,yes,yes,Ekaterina Perelygina,19,AUT,AUT,90,+56,+15,**Sharm El Sheikh 2 W**,,,yes
567,529,529,,no,no,Carmen Andreea Herea,20,ROU,ROU,89,,-7,,,,no
568,NCH (570),568,570,yes,yes,Valentina Steiner,19,GER,GER,89,+5,+3,,Lost in Monastir 6 QF,,no
569,309,309,,no,no,Lucía Cortez Llorca,25,ESP,ESP,89,+1,+2,**Qual. Grenoble W**,Lost in Grenoble R32,,yes
570,487,487,,no,no,Verena Meliss,28,ITA,ITA,89,,-8,,Lost in Antalya 5 R16 Lost in Qual. Antalya 6 R3,,no
571,516,516,,no,no,Marie Weckerle,22,LUX,LUX,88,,-5,,Lost in Qual. Sheffield R2,,no
572,555,555,,no,no,Yuno Kitahara,19,JPN,JPN,88,,-5,,,,no
573,524,524,,no,no,Rinko Matsuda,20,JPN,JPN,87,,-2,,,,no
574,432,432,,no,no,Rositsa Dencheva,18,BUL,BUL,87,,-2,,Lost in Qual. Antalya 6 R3,,no
575,NCH (636),575,636,yes,yes,Tamila Gadamauri,20,BEL,BEL,87,+61,+15,**Qual. Sheffield W**,Lost in Sheffield SF,,yes
576,39,39,,no,no,Aleksandra Krunić,32,SRB,SRB,86,-32,-9,,Lost in Qual. Doha R1,,no
577,338,338,,no,no,Riya Bhatia,28,IND,IND,85,,-3,,,,no
578,305,305,,no,no,Nina Vargová,20,SVK,SVK,85,+38,+10,,Lost in Antalya 5 F Lost in Antalya 6 R32,,no
579,361,361,,no,no,Johanne Svendsen,21,DEN,DEN,85,,-4,,,,no
580,487,487,,no,no,Elena Milovanović,25,SRB,SRB,85,,-4,,,,no
581,546,546,,no,no,Dana Guzman,22,PER,PER,84,,-4,,,,no
582,468,468,,no,no,Mayuka Aikawa,27,JPN,JPN,84,,-4,,Lost in Qual. Sheffield R2,,no
583,567,567,,no,no,Kayo Nishimura,19,JPN,JPN,84,,-4,,,,no
584,578,578,,no,no,Reina Goto,18,JPN,JPN,83,,-3,,,,no
585,548,548,,no,no,Esther Adeshina,24,GBR,GBR,83,-17,-5,**Qual. Sheffield W**,Lost in Sheffield R32 Lost in Manacor R16,,yes
586,212,212,,no,no,Katy Dunne,30,GBR,GBR,82,+64,+14,,Lost in Sheffield SF,,no
587,440,440,,no,no,Noelia Zeballos,31,BOL,BOL,82,,-5,,,,no
588,583,583,,no,no,Maria Fernanda Navarro,29,MEX,MEX,82,,-5,,,,no
589,562,562,,no,no,Adelina Lachinova,18,LAT,LAT,82,,-5,,,,no
590,555,555,,no,no,Marine Szostak,24,FRA,FRA,82,,-5,,,,no
591,212,212,,no,no,Jana Kolodynska,22,BLR,BLR,81,,-5,,,,no
592,573,573,,no,no,Natsuki Yoshimoto,22,JPN,JPN,81,,-5,,,,no
593,203,203,,no,no,Ya Yi Yang,21,TWN,TWN,81,,-4,,,,no
594,460,460,,no,no,Jenna Defalco,23,USA,USA,81,+4,+2,**Qual. Brisbane 2 W**,Lost in Brisbane 2 R32,,yes
595,575,575,,no,no,Ksenia Efremova,16,FRA,FRA,80,,-4,,,,no
596,556,556,,no,no,Kristina Kroitor,19,RUS,RUS,80,,-4,Sharm El Sheikh 3 QF,,,yes
597,451,451,,no,no,Mara Guth,22,GER,GER,80,+50,+11,**Qual. Prague W**,Lost in Prague R16,,yes
598,593,593,,no,no,Astrid Cirotte,22,FRA,FRA,80,,-5,,Lost in Monastir 7 R32,,no
599,201,201,,no,no,Lina Glushko,26,ISR,ISR,79,,-5,,,,no
600,368,368,,no,no,Gabriella Da Silva Fick,25,AUS,AUS,79,+1,+1,,Lost in Brisbane 2 R32,,no
601,594,594,,no,no,Kristina Liutova,16,RUS,RUS,79,,-6,,,,no
602,351,351,,no,no,Emma Léné,26,FRA,FRA,79,,-6,,Lost in Monastir 7 R32,,no
603,391,391,,no,no,Carolina Kuhl,20,GER,GER,79,-38,-9,,,,no
604,534,534,,no,no,Maria Golovina,18,RUS,RUS,79,+9,+3,**Qual. Pune W**,Lost in Pune R32,,yes
605,549,549,,no,no,Bianca Barbulescu,22,ROU,ROU,79,,-8,,,,no
606,583,583,,no,no,Eva Maria Ionescu,18,ROU,ROU,79,,-7,,,,no
607,600,600,,no,no,Eleejah Inisan,17,FRA,FRA,78,,-7,,,,no
608,374,374,,no,no,Valeriya Yushchenko,26,RUS,RUS,78,,-6,,,,no
609,589,589,,no,no,Justina Gonzalez Daniele,20,ARG,ARG,78,,-5,,,,no
610,566,566,,no,no,Noelia Bouzo Zanotti,26,ESP,ESP,78,,-5,,,,no
611,560,560,,no,no,Alba Rey Garcia,23,ESP,ESP,78,,-5,,Lost in Qual. Grenoble R1,,no
612,588,588,,no,no,Chenting Zhu,18,CHN,CHN,77,-1,+1,,Lost in Monastir 6 R16 Lost in Monastir 7 R16,,no
613,594,594,,no,no,Alena Kovačková,17,CZE,CZE,77,-1,+1,,Lost in Prague R32,,no
614,492,492,,no,no,Amy Zhu,31,USA,USA,77,,-7,,,,no
615,317,317,,no,no,Malene Helgø,26,NOR,NOR,77,,-7,,Lost in Sharm El Sheikh 2 R32,,no
616,NCH (637),616,637,yes,yes,Beatrise Zeltiņa,18,LAT,LAT,77,+50,+12,Prague R16**Qual. Prague W**84 143,,,yes
617,205,205,,no,no,Chihiro Muramatsu,27,JPN,JPN,77,,-8,,,,no
618,470,470,,no,no,Dasha Plekhanova,21,CAN,CAN,76,,-8,,,,no
619,603,603,,no,no,Enola Chiesa,25,ITA,ITA,76,,+1,,Lost in Qual. Prague R2,,no
620,497,497,,no,no,Fiona Ganz,25,SUI,SUI,76,,-6,,Lost in Antalya 5 R16,,no
621,450,450,,no,no,Dasha Ivanova,29,USA,USA,76,,-6,,,,no
622,565,565,,no,no,Ellie Schoppe,24,USA,USA,75,,-5,,,,no
623,190,190,,no,no,Alice Robbe,25,FRA,FRA,75,,-5,,,,no
624,599,599,,no,no,Merna Refaat,21,EGY,EGY,75,,-4,,,,no
625,618,618,,no,no,Alexis Nguyen,18,USA,USA,74,,-2,,,,no
626,511,511,,no,no,Zeel Desai,26,IND,IND,74,+7,+2,,Lost in Qual. Pune R2,,no
627,449,449,,no,no,Jada Robinson,27,USA,USA,74,-6,-1,,,,no
628,456,456,,no,no,Amélie Van Impe,21,BEL,BEL,74,,-3,,,,no
629,515,515,,no,no,Angelica Raggi,27,ITA,ITA,73,,-3,,,,no
630,320,320,,no,no,Meiling Wang,25,CHN,CHN,73,,-3,,Lost in Sharm El Sheikh 2 R32,,no
631,561,561,,no,no,Jana Otzipka,21,BEL,BEL,73,-28,-5,,Lost in Qual. Prague R1,,no
632,135,135,,no,no,Alizé Lim,35,FRA,FRA,73,,-4,,,,no
633,497,497,,no,no,Valeria Bhunu,30,ZIM,ZIM,73,,-4,,,,no
634,466,466,,no,no,Amelia Honer,22,USA,USA,72,,-3,,,,no
635,332,332,,no,no,Thasaporn Naklo,24,THA,THA,72,,-3,,,,no
636,521,521,,no,no,Berta Bonardi,30,ARG,ARG,72,,-2,,,,no
637,316,316,,no,no,Melisa Ercan,20,AUS,AUS,72,,-2,,,,no
638,377,377,,no,no,Iva Primorac,29,CRO,CRO,72,+5,+2,**Qual. Sheffield W**,Lost in Sheffield R16,,yes
639,632,632,,no,no,Andre Lukosiute,24,LTU,LTU,71,,-1,,Lost in Qual. Sheffield R2,,no
640,639,639,,no,no,Nellie Taraba Wallberg,18,SWE,SWE,71,,-1,,,,no
641,383,383,,no,no,Dalayna Hewitt,25,USA,USA,71,,-1,,,,no
642,579,579,,no,no,Marcelina Podlińska,26,POL,POL,71,,-1,Manacor R16,,,yes
643,585,585,,no,no,Loes Ebeling Koning,19,NED,NED,70,,-1,,,,no
644,643,643,,no,no,Lan Mi,21,CHN,CHN,70,,,,,,no
645,335,335,,no,no,Hikaru Sato,26,JPN,JPN,69,+12,+2,,Lost in Qual. Brisbane 2 R2,,no
646,433,433,,no,no,Michika Ozeki,33,JPN,JPN,69,,,,,,no
647,NCH (710),647,710,yes,yes,Maria Kalyakina,19,RUS,RUS,69,+92,+18,**Qual. Pune W**,Lost in Pune QF,,yes
648,39,39,,no,no,Ana Bogdan,33,ROU,ROU,68,,,,,,no
649,644,644,,no,no,Stefani Webb,20,AUS,AUS,68,,,,,,no
650,296,296,,no,no,Gina Feistel,23,POL,POL,68,,+1,,,,no
651,623,623,,no,no,Elena Korokozidi,22,GRE,GRE,68,,+1,**Qual. Antalya 6 W**,Lost in Antalya 6 R32,,yes
652,567,567,,no,no,Rebecca Munk Mortensen,20,DEN,DEN,68,+6,+1,**Qual. Sheffield W**,Lost in Sheffield R32,,yes
653,538,538,,no,no,Milana Zhabrailova,23,RUS,RUS,68,,,,,,no
654,647,647,,no,no,Mary Lewis,27,USA,USA,67,,,,,,no
655,CH,655,,yes,no,Lea Nilsson,17,SWE,SWE,67,,,,,,no
656,484,484,,no,no,Stefania Bojica,20,ROU,ROU,67,,,,,,no
657,639,639,,no,no,Kylie Collins,23,USA,USA,67,,+2,,,,no
658,504,504,,no,no,Adrienn Nagy,24,HUN,HUN,67,,+2,Manacor R16,,,yes
659,646,646,,no,no,Nauhany Vitoria Leme Da Silva,15,BRA,BRA,66,,+2,,Lost in Qual. Sheffield R2,,no
660,46,46,,no,no,Océane Dodin,29,FRA,FRA,66,+24,+6,Grenoble R16 71 110,,,yes
661,CH,661,,yes,no,Anna Petkovic,20,GER,GER,66,,+1,,,,no
662,550,550,,no,no,Sarah Iliev,19,FRA,FRA,66,,+1,,Lost in Monastir 6 R32,,no
663,576,576,,no,no,Rachel Gailis,21,USA,USA,66,,+1,,,,no
664,646,646,,no,no,Raphaëlle Lacasse,25,CAN,CAN,65,,+4,,,,no
665,160,160,,no,no,Ankita Raina,33,IND,IND,64,+10,+2,**Qual. Pune W**,Lost in Pune R32,,yes
666,648,648,,no,no,Christasha McNeil,19,USA,USA,64,,+3,,,,no
667,150,150,,no,no,Hiroko Kuwata,35,JPN,JPN,64,,+3,,,,no
668,638,638,,no,no,Ruien Zhang,17,CHN,CHN,63,,+3,,Lost in Qual. Brisbane 2 R1,,no
669,130,130,,no,no,Usue Maitane Arconada,27,USA,USA,63,,+3,,,,no
670,NCH (699),670,699,yes,yes,Julia Stusek,17,GER,GER,63,+32,+8,**Qual. Sheffield W**,Lost in Sheffield QF,,yes
671,470,470,,no,no,Punnin Kovapitukted,23,THA,THA,63,,+2,,,,no
672,263,263,,no,no,Stephanie Wagner,31,GER,GER,63,-5,-2,,,,no
673,636,636,,no,no,Tian Jialin,19,CHN,CHN,63,,+1,Manacor R16,,,yes
674,530,530,,no,no,Mariella Thamm,16,GER,GER,62,-37,-9,,,,no
675,510,510,,no,no,Victoria Osuigwe,19,USA,USA,62,,+1,,,,no
676,665,665,,no,no,Alexandra Vagramov,24,CAN,CAN,62,,+1,,,,no
677,213,213,,no,no,Eudice Chong,29,HKG,HKG,61,-32,-8,,,,no
678,335,335,,no,no,Ekaterina Yashina,32,RUS,RUS,61,,+1,Qual. Dubai R1,,,yes
679,380,380,,no,no,Sofia Rocchetti,23,ITA,ITA,61,,+1,,,,no
680,NCH (686),680,686,yes,yes,Sarah Rokusek,19,AUS,AUS,61,+8,+2,,Lost in Qual. Brisbane 2 R2,,no
681,494,494,,no,no,Lavinia Tanasie,22,ROU,ROU,61,,,,,,no
682,604,604,,no,no,Marie Mettraux,25,SUI,SUI,61,-17,-4,,Lost in Qual. Sheffield R1,,no
683,348,348,,no,no,Kamilla Bartone,23,LAT,LAT,61,-59,-13,,,,no
684,675,675,,no,no,Anamaria Oana,18,ROU,ROU,61,,-2,,,,no
685,18,18,,no,no,Martina Trevisan,32,ITA,ITA,60,,-2,,,,no
686,114,114,,no,no,Su-jeong Jang,30,KOR,KOR,60,+10,+3,**Qual. Brisbane 2 W**,Lost in Brisbane 2 R32,,yes
687,565,565,,no,no,Alyssa Réguer,19,FRA,FRA,60,,-2,,Lost in Manacor R32,,no
688,405,405,,no,no,Olivia Lincer,21,USA,USA,59,,-2,,,,no
689,CH,689,,yes,no,Junhan Zhang,18,CHN,CHN,59,,,,Lost in Qual. Prague R1,,no
690,581,581,,no,no,Vaishnavi Adkar,21,IND,IND,58,+3,+1,,Lost in Pune R32,,no
691,619,619,,no,no,Demi Tran,25,NED,NED,58,,-1,,Lost in Qual. Grenoble R1,,no
692,679,679,,no,no,Jessica Hinojosa Gomez,28,MEX,MEX,58,-5,-1,,,,no
693,674,674,,no,no,Anastasia Bertacchi,19,ITA,ITA,58,+10,+3,,Lost in Antalya 5 QF Lost in Qual. Antalya 6 R2,,no
694,682,682,,no,no,Rose Marie Nijkamp,20,NED,NED,58,,-3,,,,no
695,683,683,,no,no,Gaia Maduzzi,19,ITA,ITA,58,,-3,,Lost in Qual. Sheffield R1,,no
696,73,73,,no,no,Sachia Vickery,30,USA,USA,57,-66,-15,,,,no
697,603,603,,no,no,Elina Nepliy,28,RUS,RUS,57,,-3,,Lost in Antalya 5 R32,,no
698,695,695,,no,no,Kristina Novak,25,SLO,SLO,57,,-3,,,,no
699,667,667,,no,no,Briana Szabó,20,ROU,ROU,57,,-2,,,,no
700,597,597,,no,no,Ava Markham,26,USA,USA,57,,-2,,,,no
701,NCH (714),701,714,yes,yes,Sarah Melany Fajmonová,18,CZE,CZE,57,+51,+9,,Lost in Prague R16,,no
702,192,192,,no,no,Federica Di Sarra,35,ITA,ITA,56,,-3,,,,no
703,680,680,,no,no,Mia Horvit,28,USA,USA,56,,-3,,Lost in Qual. Antalya 6 R3,,no
704,633,633,,no,no,Kateryna Lazarenko,21,UKR,UKR,56,-26,-6,,Lost in Sharm El Sheikh 3 R32,,no
705,699,699,,no,no,Ann Akasha Ceuca,19,GER,GER,56,,-4,,Lost in Qual. Sheffield R1,,no
706,471,471,,no,no,Monique Barry,23,NZL,NZL,55,+6,+2,,Lost in Qual. Brisbane 2 R2,,no
707,500,500,,no,no,Ivana Šebestová,24,CZE,CZE,55,,-3,,,,no
708,706,706,,no,no,Luciana Moyano,20,ARG,ARG,55,,-2,,,,no
709,700,700,,no,no,Ana Grubor,22,CAN,CAN,55,,-2,,,,no
710,363,363,,no,no,Beatrice Ricci,22,ITA,ITA,54,+1,+1,,Lost in Antalya 5 R16,,no
711,NCH (736),711,736,yes,yes,Cheuk Ying Shek,20,HKG,HKG,54,+25,+3,**Qual. Brisbane 2 W**,Lost in Brisbane 2 R32,,yes
712,708,708,,no,no,Anita Sahdiieva,22,UKR,UKR,54,,-4,,,,no
713,NCH (718),713,718,yes,yes,Franziska Sziedat,25,GER,GER,54,+5,+1,,Lost in Sharm El Sheikh 2 R16,,no
714,709,709,,no,no,Daria Zelinskaya,21,RUS,RUS,54,,-5,,,,no
715,175,175,,no,no,Peangtarn Plipuech,33,THA,THA,53,+25,+3,**Qual. Pune W**,Lost in Pune R32,,yes
716,549,549,,no,no,Chengyiyi Yuan,25,CHN,CHN,53,,-6,,Lost in Qual. Brisbane 2 R1,,no
717,555,555,,no,no,Camila Romero,27,ECU,ECU,53,,-4,,,,no
718,269,269,,no,no,Anna Kubareva,25,BLR,BLR,53,,-4,,,,no
719,708,708,,no,no,Yujia Huang,23,CHN,CHN,53,,-2,,Lost in Monastir 6 R32 Lost in Qual. Antalya 6 R3,,no
720,601,601,,no,no,Jiangxue Han,24,CHN,CHN,53,,,,,,no
721,20,20,,no,no,Ana Konjuh,28,CRO,CRO,52,+9,+1,,Lost in Qual. Sheffield R1 Lost in Qual. Prague R2,,no
722,319,319,,no,no,Cody Wong,23,HKG,HKG,52,,-1,,Lost in Qual. Sheffield R2 Lost in Sheffield R32,,no
723,278,278,,no,no,Amina Anshba,26,RUS,RUS,52,,-1,,,,no
724,377,377,,no,no,María Portillo Ramírez,26,MEX,MEX,52,,-1,,,,no
725,722,722,,no,no,Carmen Lopez Martinez,20,ESP,ESP,52,,,Manacor R16,,,yes
726,719,719,,no,no,Irina Balus,20,SVK,SVK,52,,,,,,no
727,376,376,,no,no,Luisa Meyer Auf Der Heide,24,GER,GER,52,-22,-3,,,,no
728,685,685,,no,no,Laia Petretic,21,FRA,FRA,52,,-1,,Lost in Monastir 6 R32 Lost in Monastir 7 R16,,no
729,669,669,,no,no,Iva Ivanova,19,BUL,BUL,52,-14,-1,Monastir 7 QF,,,yes
730,657,657,,no,no,Victoria Milovanova,18,RUS,RUS,52,+19,+3,**Qual. Pune W**,Lost in Pune R32,,yes
731,652,652,,no,no,Alyssa Ahn,19,USA,USA,51,,-2,,,,no
732,191,191,,no,no,Jesika Malečková,31,CZE,CZE,51,,-1,,,,no
733,337,337,,no,no,Yuliana Lizarazo,32,COL,COL,51,,-1,,,,no
734,710,710,,no,no,Julia Konishi Camargo Silva,26,BRA,BRA,51,,-1,,,,no
735,NCH (736),735,736,yes,yes,Sophia Biolay,24,FRA,FRA,51,+9,+1,,Lost in Sharm El Sheikh 2 R16,,no
736,700,700,,no,no,Ida Wobker,15,GER,GER,51,,-1,,,,no
737,652,652,,no,no,Salma Ewing,25,USA,USA,51,,,,,,no
738,CH,738,,yes,no,Jiayi Wang,18,CHN,CHN,51,,,,,,no
739,342,342,,no,no,Anastasiia Gureva,20,RUS,RUS,50,-5,-1,,,,no
740,733,733,,no,no,Yuhan Wang,18,CHN,CHN,50,,+1,,,,no
741,708,708,,no,no,Brooke Black,18,GBR,GBR,50,-17,-2,,,,no
742,577,577,,no,no,Eliška Ticháčková,19,CZE,CZE,50,,+1,,,,no
743,633,633,,no,no,Maria Sholokhova,22,RUS,RUS,50,,+2,,,,no
744,716,716,,no,no,Edda Mamedova,19,RUS,RUS,50,,+2,,,,no
745,NCH (755),745,755,yes,yes,Dune Vaissaud,18,FRA,FRA,50,+10,+2,**Qual. Grenoble W**,Lost in Grenoble R32,,yes
746,680,680,,no,no,Yasmin Ezzat,22,EGY,EGY,50,-30,-3,,,,no
747,668,668,,no,no,Zoziya Kardava,24,GEO,GEO,50,-28,-3,,,,no
748,5,5,,no,no,Sara Errani,38,ITA,ITA,49,-20,-2,,,,no
749,42,42,,no,no,Clara Burel,24,FRA,FRA,49,,-2,,,,no
750,319,319,,no,no,Evialina Laskevich,21,BLR,BLR,49,-8,-1,,,,no
751,CH,751,,yes,no,Laquisa Khan,23,AUS,AUS,49,,+1,,Lost in Brisbane 2 R32,,no
752,748,748,,no,no,Petra Konjikušić,18,SRB,SRB,49,,-4,,,,no
753,398,398,,no,no,Clara Vlasselaer,24,BEL,BEL,49,+4,+1,**Qual. Sheffield W**,Lost in Sheffield R32 Lost in Qual. Grenoble R2,,yes
754,584,584,,no,no,Nadiya Kolb,33,UKR,UKR,48,+8,+2,**Qual. Prague W**,Lost in Prague R32,,yes
755,727,727,,no,no,Meng Yi Chen,23,CHN,CHN,48,+15,+3,,Lost in Sharm El Sheikh 2 QF Lost in Sharm El Sheikh 3 R32,,no
756,278,278,,no,no,Adithya Karunaratne,24,HKG,HKG,48,+4,+1,,Lost in Antalya 5 R16 Lost in Qual. Antalya 6 R3,,no
757,525,525,,no,no,Ayumi Miyamoto,25,JPN,JPN,48,,-4,,,,no
758,754,754,,no,no,Vlada Mincheva,19,RUS,RUS,48,,-4,,,,no
759,685,685,,no,no,Laura Svatíková,31,SVK,SVK,48,,-3,,,,no
760,716,716,,no,no,Valentina Mediorreal Arias,18,COL,COL,47,,-2,,Lost in Manacor R32,,no
761,445,445,,no,no,Aneta Laboutková,25,CZE,CZE,47,,-2,,Lost in Qual. Prague R1,,no
762,442,442,,no,no,Océane Babel,21,FRA,FRA,47,+3,+1,,Lost in Qual. Grenoble R2,,no
763,319,319,,no,no,Naho Sato,25,JPN,JPN,47,+17,+3,**Qual. Brisbane 2 W**,Lost in Brisbane 2 R32,,yes
764,672,672,,no,no,Daria Yesypchuk,20,UKR,UKR,47,+9,+2,Monastir 7 QF,Lost in Monastir 6 QF,,yes
765,728,728,,no,no,Jimar Gerald Gonzalez,24,CHI,CHI,46,,-2,,,,no
766,622,622,,no,no,Patricija Paukstyte,21,LTU,LTU,46,,-2,,,,no
767,746,746,,no,no,Chelsea Fontenel,21,SUI,SUI,46,-17,-3,,,,no
768,764,764,,no,no,Noemi Maines,19,ITA,ITA,46,,-2,,Lost in Sharm El Sheikh 2 R16 Lost in Sharm El Sheikh 3 R16,,no
769,12,12,,no,no,Yanina Wickmayer,36,BEL,BEL,45,,-2,,,,no
770,753,753,,no,no,Giulia Safina Popa,16,ROU,ROU,45,,-2,,,,no
771,236,236,,no,no,Makenna Jones,27,USA,USA,45,,-2,,,,no
772,757,757,,no,no,Anne Christine Lutkemeyer Obregon,21,USA,USA,45,,-1,,,,no
773,658,658,,no,no,Federica Sacco,23,ITA,ITA,45,,-1,Manacor QF,,,yes
774,741,741,,no,no,Madelief Hageman,23,NED,NED,45,,,,Lost in Sharm El Sheikh 2 R32 Lost in Sharm El Sheikh 3 R32,,no
775,3,3,,no,no,Sloane Stephens,32,USA,USA,44,,,,,,no
776,CH,776,,yes,no,Bella Payne,18,USA,USA,44,,,,,,no
777,422,422,,no,no,Ani Amiraghyan,32,ARM,ARM,44,,,,,,no
778,719,719,,no,no,Yiming Dang,21,CHN,CHN,44,,,,,,no
779,743,743,,no,no,Aruzhan Sagandikova,21,KAZ,KAZ,44,,,,Lost in Sharm El Sheikh 3 R16,,no
780,356,356,,no,no,Nagi Hanatani,30,JPN,JPN,44,+10,+2,,Lost in Qual. Brisbane 2 R2,,no
781,359,359,,no,no,Adriana Reami,28,USA,USA,44,,,,,,no
782,607,607,,no,no,Honoka Kobayashi,25,JPN,JPN,44,,,,,,no
783,496,496,,no,no,Monika Stankiewicz,19,POL,POL,43,,,,,,no
784,704,704,,no,no,Chloé Noël,21,FRA,FRA,43,,,,,,no
785,674,674,,no,no,Marie Villet,29,FRA,FRA,43,,,,Lost in Monastir 6 R32 Lost in Qual. Grenoble R1,,no
786,730,730,,no,no,Gaeul Jang,19,KOR,KOR,42,,,,,,no
787,728,728,,no,no,Iveta Dapkutė,33,LTU,LTU,42,,,,,,no
788,CH,788,,yes,no,Polina Kuharenko,17,BLR,BLR,42,,,,,,no
789,387,387,,no,no,Jacqueline Cabaj Awad,30,SWE,SWE,42,,,,Lost in Sharm El Sheikh 2 R32,,no
790,397,397,,no,no,Živa Falkner,23,SLO,SLO,42,-29,-5,,,,no
791,CH,791,,yes,no,Anastasiia Firman,19,UKR,UKR,42,,,,,,no
792,781,781,,no,no,Maria Toma,27,ROU,ROU,42,,,,,,no
793,708,708,,no,no,Linda Ševčíková,27,CZE,CZE,42,,,,,,no
794,CH,794,,yes,no,Daphnée Mpetshi Perricard,17,FRA,FRA,41,,,,,,no
795,794,794,,no,no,Kailey Evans,23,USA,USA,41,,,,,,no
796,727,727,,no,no,Victoria Gomez,22,ESP,ESP,41,,,,,,no
797,180,180,,no,no,Yuliya Hatouka,25,BLR,BLR,41,,+1,,,,no
798,NCH (799),798,799,yes,yes,Belle Thompson,26,AUS,AUS,41,+4,+1,,Lost in Brisbane 2 R32,,no
799,537,537,,no,no,Mana Kawamura,24,JPN,JPN,41,,,,Lost in Antalya 5 R32 Lost in Qual. Antalya 6 R2,,no
800,287,287,,no,no,Petra Hule,26,AUS,AUS,40,,,,,,no
801,772,772,,no,no,Viola Turini,20,ITA,ITA,40,+16,+3,,Lost in Antalya 5 QF Lost in Qual. Antalya 6 R3,,no
802,725,725,,no,no,Onyu Choi,19,KOR,KOR,40,,-1,,Lost in Monastir 7 R32,,no
803,628,628,,no,no,Romina Ccuno,23,PER,PER,40,,,,,,no
804,317,317,,no,no,Michaela Bayerlová,27,CZE,CZE,39,,,,,,no
805,13,13,,no,no,Jennifer Brady,30,USA,USA,39,,,,,,no
806,186,186,,no,no,Ya-Hsuan Lee,30,TWN,TWN,39,,,,Lost in Sharm El Sheikh 2 R32,,no
807,CH,807,,yes,no,Maia Ilinca Burcescu,16,ROU,ROU,39,,,,,,no
808,411,411,,no,no,Jessica Failla,28,USA,USA,38,,,,,,no
809,463,463,,no,no,İlay Yörük,24,TUR,TUR,38,,,,Lost in Antalya 5 R32 Lost in Antalya 6 R32,,no
810,147,147,,no,no,Jaimee Fourlis,26,AUS,AUS,38,,,,,,no
811,CH,811,,yes,no,Ella Haavisto,23,FIN,FIN,38,,,,,,no
812,752,752,,no,no,Astrid Brune Olsen,26,NOR,NOR,38,,,,,,no
813,468,468,,no,no,Merel Hoedt,26,NED,NED,38,,,Manacor R16,,,yes
814,196,196,,no,no,Diāna Marcinkēviča,33,LAT,LAT,38,,,,,,no
815,785,785,,no,no,Lilian Poling,28,USA,USA,38,,,,,,no
816,815,815,,no,no,Kristina Penickova,16,USA,USA,37,,,,,,no
817,NCH (818),817,818,yes,yes,Luna Vujović,16,SRB,SRB,37,,+1,,,,no
818,NCH (866),818,866,yes,yes,Laima Vladson,18,UZB,UZB,37,+55,+6,,Lost in Antalya 5 SF **Qual. Antalya 6 W** Lost in Antalya 6 R16,,no
819,766,766,,no,no,Yujin Kim,20,KOR,KOR,37,+5,+1,,Lost in Monastir 6 R16 Lost in Monastir 7 R32,,no
820,816,816,,no,no,Marianna Argyrokastriti,24,GRE,GRE,37,,-1,,,,no
821,738,738,,no,no,Valentina Ivanov,24,NZL,NZL,37,+49,+5,**Qual. Sheffield W**,Lost in Sheffield R16,,yes
822,5,5,,no,no,Eugénie Bouchard,31,CAN,CAN,36,,-2,,,,no
823,330,330,,no,no,Nika Radišić,25,SLO,SLO,36,,-2,,,,no
824,788,788,,no,no,Mara Gae,20,ROU,ROU,36,,-2,,,,no
825,823,823,,no,no,Shannon Lam,17,USA,USA,36,,-2,,,,no
826,366,366,,no,no,Lucie Nguyen Tan,22,FRA,FRA,36,+69,+8,**Qual. Grenoble W**,Lost in Grenoble R16,,yes
827,531,531,,no,no,Arina Vasilescu,28,ROU,ROU,36,+18,+2,,Lost in Qual. Pune R2,,no
828,625,625,,no,no,Tilwith Di Girolami,22,BEL,BEL,36,,-2,,,,no
829,827,827,,no,no,Carolina Bohrer Martins,18,BRA,BRA,36,,-2,,,,no
830,826,826,,no,no,Maddalena Giordano,22,ITA,ITA,36,,-2,,Lost in Sharm El Sheikh 3 R32,,no
831,362,362,,no,no,Daria Kudashova,22,RUS,RUS,35,,-2,,,,no
832,317,317,,no,no,María Fernanda Herazo,28,COL,COL,35,,-2,,,,no
833,830,830,,no,no,Sonja Zhenikhova,17,GER,GER,35,,-2,,Lost in Antalya 5 R32,,no
834,802,802,,no,no,Maria Torres Murcia,23,COL,COL,35,,-2,,Lost in Qual. Antalya 6 R2,,no
835,833,833,,no,no,Linea Bajraliu,19,SWE,SWE,35,,-2,,Lost in Sharm El Sheikh 3 R32,,no
836,545,545,,no,no,Joy de Zeeuw,19,NED,NED,35,,-2,,,,no
837,NCH (844),837,844,yes,yes,Amy Sucha,18,CZE,CZE,35,+15,+2,,Lost in Qual. Prague R2,,no
838,151,151,,no,no,Victoria Kan,30,RUS,RUS,35,,-3,,,,no
839,757,757,,no,no,Raquel Gonzalez Vilar,21,ESP,ESP,35,,-3,,,,no
840,548,548,,no,no,Arabella Koller,25,AUT,AUT,35,-15,-1,,,,no
841,766,766,,no,no,Suana Tućaković,21,BIH,BIH,35,,-4,,,,no
842,838,838,,no,no,Kate Mansfield,21,USA,USA,35,,-4,,,,no
843,833,833,,no,no,Klara Veldman,22,NED,NED,35,,-4,,,,no
844,833,833,,no,no,Xinran Sun,15,CHN,CHN,34,,-4,,,,no
845,718,718,,no,no,Mao Mushika,20,JPN,JPN,34,,-4,,,,no
846,352,352,,no,no,Arlinda Rushiti,26,KOS,KOS,34,-49,-7,Sharm El Sheikh 3 QF,Lost in Sharm El Sheikh 2 R32,,yes
847,842,842,,no,no,Jamilah Snells,23,USA,USA,34,,-5,Sharm El Sheikh 3 QF,,,yes
848,430,430,,no,no,Karine Sarkisova,27,RUS,RUS,34,,-5,,,,no
849,627,627,,no,no,Gaia Squarcialupi,28,ITA,ITA,34,,-5,,,,no
850,846,846,,no,no,Carolin Raschdorf,19,GER,GER,34,,-4,,,,no
851,842,842,,no,no,Lavinia Luciano,19,ITA,ITA,34,,-4,,,,no
852,658,658,,no,no,Anja Wildgruber,23,GER,GER,34,,-4,,Lost in Sharm El Sheikh 2 R32 Lost in Sharm El Sheikh 3 R32,,no
853,504,504,,no,no,Celia Cerviño Ruiz,28,ESP,ESP,33,,-4,,Lost in Qual. Grenoble R1,,no
854,725,725,,no,no,Dj Bennett,22,USA,USA,33,,-3,,,,no
855,843,843,,no,no,Anastasija Cvetković,17,SRB,SRB,33,,-2,,,,no
856,NCH (891),856,891,yes,yes,Dunja Marić,19,SRB,SRB,33,+48,+6,,Lost in Monastir 6 SF,,no
857,786,786,,no,no,Johanna Silva,28,GER,GER,33,,-3,,,,no
858,846,846,,no,no,Coco Bosman,22,NED,NED,33,,-3,,,,no
859,626,626,,no,no,Vicky Van De Peer,25,BEL,BEL,33,,-3,,,,no
860,857,857,,no,no,Diana-Ioana Simionescu,18,ROU,ROU,33,,-3,,,,no
861,451,451,,no,no,Julia Stamatova,32,BUL,BUL,33,,-3,,,,no
862,854,854,,no,no,Defne Cirpanli,21,TUR,TUR,32,,-2,,Lost in Sharm El Sheikh 2 R32 Lost in Sharm El Sheikh 3 R32,,no
863,858,858,,no,no,Irem Kurt,18,TUR,TUR,32,,-2,,Lost in Antalya 5 R32,,no
864,548,548,,no,no,Inês Murta,28,POR,POR,32,-14,-1,,,,no
865,NCH (981),865,981,yes,yes,Jizelle Sibai,16,AUS,AUS,32,+12,+116,**Qual. Brisbane 2 W**,Lost in Brisbane 2 R16,,yes
866,725,725,,no,no,Akanksha Nitture,22,IND,IND,32,,-4,,Lost in Qual. Pune R1,,no
867,852,852,,no,no,Shiyu Ye,18,CHN,CHN,32,,-4,,,,no
868,694,694,,no,no,Sofia Rojas,23,USA,USA,32,,-4,,,,no
869,853,853,,no,no,Ophélie Boullay,17,FRA,FRA,32,,-4,,,,no
870,188,188,,no,no,Akiko Omae,33,JPN,JPN,32,,-4,,,,no
871,184,184,,no,no,Polina Leykina,31,RUS,RUS,32,,-4,,Lost in Qual. Monastir 6 R2,,no
872,862,862,,no,no,Louna Zoppas,18,FRA,FRA,32,,-4,,,,no
873,861,861,,no,no,Claudia Ferrer Perez,19,ESP,ESP,32,,-4,,,,no
874,546,546,,no,no,Angelina Wirges,23,GER,GER,32,-15,-1,,Lost in Manacor R32,,no
875,843,843,,no,no,Natalia Sousa Salazar,19,MEX,MEX,31,,-4,,,,no
876,699,699,,no,no,Sabastiani Leon,33,MEX,MEX,31,,-4,,,,no
877,662,662,,no,no,Alicia Smith,29,AUS,AUS,31,,-3,,Lost in Qual. Brisbane 2 R1,,no
878,616,616,,no,no,Camilla Gennaro,22,ITA,ITA,31,+8,+1,**Qual. Antalya 5 W**,Lost in Antalya 5 R16 Lost in Qual. Antalya 6 R1,,yes
879,159,159,,no,no,Jingjing Lu,36,CHN,CHN,30,,-4,,,,no
880,763,763,,no,no,Julia Garcia,22,MEX,MEX,30,,-4,,,,no
881,821,821,,no,no,Sae Noguchi,18,JPN,JPN,30,,-4,**Qual. Sharm El Sheikh 2 W**,Lost in Sharm El Sheikh 2 R32,,yes
882,307,307,,no,no,Karina Miller,23,USA,USA,30,,-4,,,,no
883,859,859,,no,no,Angelica Blake,25,GBR,GBR,30,,-4,,,,no
884,875,875,,no,no,Aspen Schuman,18,USA,USA,30,,-4,,,,no
885,881,881,,no,no,Ava Rodriguez,17,USA,USA,30,,-4,,,,no
886,879,879,,no,no,Lucie Petruželová,23,CZE,CZE,30,,-4,,,,no
887,NCH (907),887,907,yes,yes,Shiho Tsujioka,19,JPN,JPN,30,+20,+3,**Qual. Sharm El Sheikh 2 W**,Lost in Sharm El Sheikh 2 QF,,yes
888,732,732,,no,no,Darja Suvirdjonkova,20,SRB,SRB,30,,-5,,,,no
889,884,884,,no,no,Isabella Barrera Aguirre,22,USA,USA,30,,-5,,,,no
890,870,870,,no,no,Anna Pircher,15,AUT,AUT,29,,-3,,,,no
891,612,612,,no,no,Diana Demidova,28,RUS,RUS,29,,-3,,,,no
892,889,889,,no,no,Anna Snigireva,18,RUS,RUS,29,,-3,,,,no
893,838,838,,no,no,Agustina Chlpac,29,ARG,ARG,29,,-3,,Lost in Monastir 7 R32,,no
894,883,883,,no,no,Paula Cembranos,22,SUI,SUI,29,-9,-1,,,,no
895,880,880,,no,no,Wozuko Mdlulwa,18,RSA,RSA,29,,-4,,,,no
896,NCH (997),896,997,yes,yes,Amy Stevens,23,AUS,AUS,28,+9,+101,,Lost in Brisbane 2 R16,,no
897,872,872,,no,no,Ava Hrastar,23,USA,USA,28,,-5,Manacor R16,Lost in Qual. Sheffield R1,,yes
898,297,297,,no,no,Julieta Estable,28,ARG,ARG,28,,-5,,,,no
899,894,894,,no,no,Maria Lazarenko,17,UKR,UKR,28,,-5,,,,no
900,896,896,,no,no,Abigail Rencheli,23,USA,USA,28,,-4,,,,no
901,NCH (960),901,960,yes,yes,Nada Fouad,22,EGY,EGY,28,+59,+6,Sharm El Sheikh 3 QF,Lost in Sharm El Sheikh 2 SF,,yes
902,897,897,,no,no,Lorena Solar Donoso,18,ESP,ESP,28,,-5,,Lost in Manacor R32,,no
903,569,569,,no,no,Salma Drugdová,21,SVK,SVK,28,,-5,,,,no
904,346,346,,no,no,Elena-Teodora Cadar,31,ROU,ROU,28,,-5,,,,no
905,843,843,,no,no,Alexandra Vasilyeva,24,RUS,RUS,28,,-5,,,,no
906,410,410,,no,no,Dimitra Pavlou,21,GRE,GRE,27,,-5,,,,no
907,NCH (917),907,917,yes,yes,Shruti Ahlawat,19,IND,IND,27,+10,+2,,Lost in Qual. Pune R2,,no
908,889,889,,no,no,Tianmei Wang,18,USA,USA,27,,-5,,,,no
909,906,906,,no,no,Arina Varaksina,18,RUS,RUS,27,,-3,,,,no
910,908,908,,no,no,Maya Iyengar,18,USA,USA,26,,-2,,,,no
911,635,635,,no,no,Candela Vazquez,17,ARG,ARG,26,,-2,,,,no
912,910,910,,no,no,Petra Sedláčková,24,CZE,CZE,26,,-2,,,,no
913,785,785,,no,no,Lauryn John-Baptiste,26,GBR,GBR,26,+54,+5,**Qual. Sheffield W**,Lost in Sheffield R16,,yes
914,848,848,,no,no,Lucie Urbanová,19,CZE,CZE,26,,-3,,,,no
915,912,912,,no,no,Beatrice Stagno,22,ITA,ITA,26,,-3,,,,no
916,878,878,,no,no,Indianna Spink,23,GBR,GBR,26,,-3,,Lost in Qual. Sheffield R2,,no
917,875,875,,no,no,Mila Masić,28,SRB,SRB,26,,-3,,,,no
918,915,915,,no,no,Neus Torner Sensano,18,ESP,ESP,25,,-3,Manacor R16,,,yes
919,480,480,,no,no,Qiuyu Ye,28,CHN,CHN,25,,-3,,,,no
920,918,918,,no,no,Teah Chavez,20,CAN,CAN,25,,-2,,,,no
921,318,318,,no,no,Da-bin Kim,29,KOR,KOR,25,,-2,,,,no
922,887,887,,no,no,Tiana Tian Deng,17,SWE,SWE,25,,-2,,,,no
923,914,914,,no,no,Jordyn Mcbride,24,USA,USA,25,,-2,,,,no
924,734,734,,no,no,Polina Bakhmutkina,26,BEL,BEL,25,,-1,,Lost in Qual. Pune R1,,no
925,123,123,,no,no,Mirjam Björklund,27,SWE,SWE,24,,,,,,no
926,788,788,,no,no,Celine Simunyu,21,IRL,IRL,24,,+1,,,,no
927,626,626,,no,no,Alexandra Osborne,30,AUS,AUS,24,+22,+2,,Lost in Qual. Brisbane 2 R2,,no
928,907,907,,no,no,Elyse Tse,21,NZL,NZL,24,+24,+2,,Lost in Qual. Brisbane 2 R2 Lost in Brisbane 2 R32,,no
929,739,739,,no,no,Yu Jin Ahn,28,KOR,KOR,24,,-1,,,,no
930,926,926,,no,no,Elza Tomase,24,LAT,LAT,24,,-1,,,,no
931,856,856,,no,no,Cherry Kim,25,KOR,KOR,24,-26,-3,,,,no
931,207,207,,no,no,Irina Fetecău,29,ROU,ROU,24,,-1,,,,no
933,931,931,,no,no,Anjali Rathi,19,IND,IND,24,,-2,,,,no
934,813,813,,no,no,Yingqun Sun,20,CHN,CHN,24,,-2,**Qual. Monastir 6 W**,Lost in Monastir 6 R32 **Qual. Monastir 7 W** Lost in Monastir 7 R32,,yes
935,906,906,,no,no,Romane Longueville,20,BEL,BEL,24,-13,-1,,,,no
936,773,773,,no,no,Clarissa Blomqvist,21,FIN,FIN,24,-12,-1,,,,no
937,920,920,,no,no,Victoria Pohle,18,GER,GER,24,,-4,**Qual. Manacor W**,Lost in Manacor R16,,yes
938,826,826,,no,no,Simona Ogescu,23,ROU,ROU,24,,-4,,,,no
939,20,20,,no,no,Mihaela Buzărnescu,37,ROU,ROU,23,,-4,,,,no
940,814,814,,no,no,Ana Filipa Santos,30,POR,POR,23,,-4,,,,no
941,800,800,,no,no,Maria Garcia Cid,20,ESP,ESP,23,,-3,Manacor QF**Qual. Manacor W**,,,yes
942,720,720,,no,no,Stefania Rogozińska-Dzik,24,POL,POL,23,,-3,,,,no
943,940,940,,no,no,Adriana Tkachenko,18,UKR,UKR,23,,-3,,,,no
944,375,375,,no,no,Olga Helmi,25,DEN,DEN,23,,-3,,,,no
945,942,942,,no,no,Marta Lombardini,22,ITA,ITA,23,,-3,,,,no
946,943,943,,no,no,Stefaniya Pushkar,18,SUI,SUI,23,,-3,,Lost in Qual. Sharm El Sheikh 2 R2,,no
947,523,523,,no,no,Chantal Sauvant,23,GER,GER,23,,-3,,,,no
948,900,900,,no,no,Valeriia Artemeva,18,RUS,RUS,23,,-3,**Qual. Monastir 7 W**,Lost in Monastir 7 R16,,yes
949,561,561,,no,no,Lisa-Marie Rioux,28,JPN,JPN,23,,-3,,,,no
950,947,947,,no,no,Maëlle Leclercq,22,FRA,FRA,23,,-3,,,,no
951,81,81,,no,no,Ysaline Bonaventure,31,BEL,BEL,22,-26,-2,,,,no
952,889,889,,no,no,Sara Svetac,21,CRO,CRO,22,,-4,,,,no
953,528,528,,no,no,Eszter Méri,23,SVK,SVK,22,,-3,,,,no
954,785,785,,no,no,Sylvie Zund,24,LIE,LIE,22,,-3,,,,no
955,953,953,,no,no,Krisha Mahendran,19,IND,IND,22,,-2,,,,no
956,943,943,,no,no,Francesca Mattioli,19,ITA,ITA,22,,-2,,,,no
957,955,955,,no,no,Shihomi Li Xuan Leong,18,MAS,MAS,22,,-2,,,,no
958,842,842,,no,no,Savannah Broadus,23,USA,USA,22,,-2,,,,no
959,957,957,,no,no,Xi Luo,18,CHN,CHN,22,,-2,,,,no
960,958,958,,no,no,Jo-Yee Chan,22,USA,USA,22,,-2,,,,no
961,821,821,,no,no,Fang An Lin,20,TWN,TWN,22,,-2,,,,no
962,961,961,,no,no,Valentina Losciale,29,ITA,ITA,22,,-1,,,,no
963,852,852,,no,no,Arina Arifullina,20,RUS,RUS,22,,-1,,Lost in Qual. Grenoble R1,,no
964,144,144,,no,no,Eri Hozumi,31,JPN,JPN,21,,-1,,,,no
965,CH,965,,yes,no,Fanny Norin,24,SWE,SWE,21,,,,,,no
966,752,752,,no,no,Aysegul Mert,21,TUR,TUR,21,,,,,,no
967,928,928,,no,no,Antonia Stoyanov,16,NED,NED,21,,,,,,no
968,NCH (969),968,969,yes,yes,Didi Bredberg Canizares,21,USA,USA,21,,+1,,,,no
969,NCH (970),969,970,yes,yes,Carson Tanguilig,22,USA,USA,21,,+1,,,,no
970,NCH (971),970,971,yes,yes,Felitsata Dorofeeva-Rybas,16,RUS,RUS,21,,+1,,,,no
971,714,714,,no,no,Solymar Colling,25,USA,USA,21,,+1,,,,no
972,NCH (973),972,973,yes,yes,Amelia Paszun,18,POL,POL,21,,+1,**Qual. Monastir 6 W**,Lost in Monastir 6 R32,,yes
973,948,948,,no,no,Elizabeth Ionescu,17,USA,USA,21,,+1,,,,no
974,NCH (975),974,975,yes,yes,Alesia Breaz,18,ROU,ROU,21,,+1,,,,no
975,NCH (976),975,976,yes,yes,Inka Wawrzkiewicz,17,POL,POL,21,,+1,**Qual. Sharm El Sheikh 2 W**,Lost in Sharm El Sheikh 2 R32 Lost in Sharm El Sheikh 3 R32,,yes
976,817,817,,no,no,Nanari Katsumi,22,JPN,JPN,21,,+1,**Qual. Antalya 5 W**,Lost in Antalya 5 R32 Lost in Qual. Antalya 6 R1,,yes
977,NCH (978),977,978,yes,yes,Yushan Shao,17,CHN,CHN,20,,+1,,,,no
978,286,286,,no,no,Freya Christie,28,GBR,GBR,20,-14,-1,,,,no
979,NCH (980),979,980,yes,yes,Giselle Isabella Guillen,17,AUS,AUS,20,,+1,,,,no
980,NCH (982),980,982,yes,yes,Ruby Cooling,18,GBR,GBR,20,,+2,,Lost in Sheffield R32,,no
981,663,663,,no,no,Eleonora Alvisi,22,ITA,ITA,20,,+2,,,,no
982,161,161,,no,no,Anne Schäfer,38,GER,GER,20,,+2,,,,no
983,289,289,,no,no,Veronica Miroshnichenko,28,RUS,RUS,20,,+2,,,,no
984,977,977,,no,no,Annika Penickova,16,USA,USA,20,,+2,,,,no
985,NCH (987),985,987,yes,yes,Ingrid Millan,24,MEX,MEX,20,,+2,,,,no
986,930,930,,no,no,Lucie Pawlak,19,FRA,FRA,20,,+2,,,,no
987,NCH (989),987,989,yes,yes,Sara Victoria Balan,17,ROU,ROU,20,,+2,,,,no
988,NCH (990),988,990,yes,yes,Kamonwan Yodpetch,18,THA,THA,20,,+2,,,,no
989,980,980,,no,no,Ustiniya Lekomtseva,19,RUS,RUS,20,,+2,,,,no
990,NCH (992),990,992,yes,yes,Patricia Goina,20,ROU,ROU,20,,+2,,,,no
991,NCH (993),991,993,yes,yes,Cindy Langlais,16,FRA,FRA,19,,+2,,,,no
992,979,979,,no,no,Claudia Sofia Martinez Solis,21,MEX,MEX,19,-13,-1,,,,no
993,846,846,,no,no,Sofia Da Cruz Mendonça,23,BRA,BRA,19,,+1,994**NCH 1016**Sarah Mildren 17 AUS 19+38+2,Lost in Qual. Brisbane 2 R2 995**NCH 1122**Allegra Korpanec Davies 18 GBR 19+132+6 Lost in Monastir 6 SF Lost in Monastir 7 R16,,yes
996,943,943,,no,no,Kallista Liu,21,HKG,HKG,19,,,,,,no
997,644,644,,no,no,Kylie McKenzie,26,USA,USA,19,,,,,,no
998,NCH (999),998,999,yes,yes,Anna Pushkareva,16,RUS,RUS,19,,+1,,,,no
999,589,589,,no,no,Allura Zamarripa,23,USA,USA,19,,+1,,,,no
1000,974,974,,no,no,Gloriana Nahum,19,BEN,BEN,19,,+1,"Next In Play : **WTA1000** Doha,​Dubai **WTA125** Oeiras **W75** Brisbane 2,​Prague,​Pune **W50** Grenoble **W35** Antalya 6 **W15** Manacor,​Monastir 7,​Sharm El Sheikh 3 Highlight Country :",,,yes
